day,slot,pillar,title,hook,body,cta,tiktok_caption,reels_caption,youtube_caption
1,Sáng (07:00),Thực đơn & Công thức,3 Ngày Đầu Ăn Dặm Chuẩn Khoa Học,Đừng vội cho con ăn cháo thịt ngay ngày đầu tiên! Đây là thực đơn 3 ngày khởi động chuẩn nhất.,Ngày thứ nhất: Cháo loãng rây tỷ lệ 1:10 ngọt thơm mùi gạo tự nhiên. Ngày thứ hai: Cháo rây trộn thêm một chút sữa mẹ để bé làm quen. Ngày thứ ba: Thêm bột bí đỏ nghiền sánh mịn ngọt dịu.,Mỗi ngày chỉ cần 2 đến 3 thìa nhỏ để bé thử vị thôi mẹ nhé. Lưu lại và theo dõi Ăn dặm mẹ Dâu ngay!,"3 ngày đầu tiên ăn dặm mẹ nên cho bé ăn gì? Xem ngay thực đơn khởi động dịu nhẹ giúp hệ tiêu hóa của con luôn khỏe mạnh nhé! 👉 Follow Ăn dặm mẹ Dâu để nhận trọn bộ thực đơn khoa học!
#andammeDau #andam #thucdonandam #andam6thang #mevabe","3 Ngày Đầu Tập Ăn Dặm Chuẩn Y Khoa Cho Bé 6 Tháng 🥣
Giai đoạn đầu là để con làm quen với thìa và kết cấu thức ăn mới, không đặt nặng số lượng. Mẹ hãy bắt đầu bằng cháo rây loãng mịn theo đúng 3 bước trong video nhé.
Lưu lại và follow @andammeDau để nuôi con nhàn tênh!
#andammeDau #andam #nuoiconkhoahoc #chamsoccon #andamkieunhat","Thực đơn 3 ngày đầu tiên cho bé 6 tháng tập ăn dặm chuẩn khoa học | Ăn dặm mẹ Dâu #Shorts
#Shorts #andammeDau #andam #thucdonandam"
1,Tối (19:30),Khoa học & Lầm tưởng,Tại Sao Cấm Ăn Dặm Trước 6 Tháng?,"Nhiều người bảo 4 tháng cho ăn dặm cho cứng cáp, nhưng bác sĩ lại cấm tuyệt đối! Đây là lý do.","Thứ nhất: Trước 6 tháng, hệ tiêu hóa của bé chưa tiết đủ men amylase để tiêu hóa tinh bột. Thứ hai: Thận còn non nớt, dễ bị quá tải. Thứ ba: Tăng nguy cơ dị ứng thực phẩm và nôn trớ đường ruột.",Hãy kiên nhẫn đợi con tròn 180 ngày mẹ nhé. Theo dõi Ăn dặm mẹ Dâu để bảo vệ sức khỏe cho bé yêu!,"Tại sao không nên cho bé ăn dặm trước 6 tháng tuổi? Nguy cơ tổn thương tiêu hóa mẹ cần biết để bảo vệ con! 👉 Follow Ăn dặm mẹ Dâu để nhận kiến thức chuẩn y khoa!
#andammeDau #andam #nuoiconkhoahoc #kienthucmebau #chamsoccon","Cảnh Báo: Vì Sao Tuyệt Đối Không Cho Bé Ăn Dặm Trước 6 Tháng? ⚠️
Sữa mẹ và sữa công thức đáp ứng 100% dinh dưỡng trong 6 tháng đầu. Cho ăn sớm không giúp bé cứng cáp hơn mà chỉ làm quá tải dạ dày và thận của con.
Follow @andammeDau để cập nhật kiến thức khoa học mỗi ngày!
#andammeDau #andam #mebimthongthai #suckhoebe #khoahocandam","Vì sao không nên cho trẻ ăn dặm trước 6 tháng tuổi? Lời khuyên từ chuyên gia | Ăn dặm mẹ Dâu #Shorts
#Shorts #andammeDau #nuoiconkhoahoc #andam"
2,Sáng (07:00),Thực đơn & Công thức,5 Món Cháo Bò Bổ Máu Cho Bé,Bé 7 tháng thiếu sắt thường trằn trọc khó ngủ. Mẹ lưu ngay 5 món cháo bò siêu mềm bổ máu sau.,Món thứ nhất là cháo bò bí đỏ ngọt tự nhiên. Món thứ hai là cháo bò bông cải xanh giàu vitamin C giúp tăng hấp thu sắt. Món thứ ba là cháo bò khoai tây cà rốt béo bùi. Món thứ tư là cháo bò yến mạch mịn mượt. Món thứ năm là súp bò đậu lăng giàu chất xơ.,Mẹ nhớ chọn phần thịt thăn mềm và băm nhuyễn mịn nhé. Follow Ăn dặm mẹ Dâu để nhận thêm nhiều công thức ngon!,"Bé 7 tháng rất dễ thiếu máu thiếu sắt. Mẹ lưu ngay 5 món cháo thịt bò siêu mềm giúp con ngủ ngon, tăng cân đều nhé! 👉 Follow Ăn dặm mẹ Dâu ngay!
#andammeDau #andam #thucdonandam #chaobochobe #mevabe","5 Món Cháo Bò Bổ Máu Ngừa Thiếu Sắt Cho Bé 7-9 Tháng 🥩
Thịt bò là nguồn sắt heme dồi dào và dễ hấp thu nhất. Hãy đổi bữa cho bé với 5 công thức cực ngon và không bị dai trong video nhé.
Lưu lại và theo dõi @andammeDau để cập nhật thực đơn mỗi tuần!
#andammeDau #andam #chaodinhduong #monngonchobe #chamsoccon","5 món cháo thịt bò giàu sắt ngừa thiếu máu cho bé 7-9 tháng | Ăn dặm mẹ Dâu #Shorts
#Shorts #andammeDau #andam #thucdonandam"
2,Tối (19:30),Xử lý biếng ăn & Vi chất,Bổ Sung Sắt Cho Bé Chuẩn Khoa Học,Lượng sắt dự trữ từ mẹ sẽ cạn kiệt khi bé tròn 6 tháng! Mẹ đã biết cách bổ sung sắt đúng chuẩn chưa?,"Bước thứ nhất: Ưu tiên nguồn sắt heme từ thịt bò, lòng đỏ trứng và gan gà sạch. Bước thứ hai: Luôn kết hợp với rau củ giàu Vitamin C như súp lơ, ớt chuông để hấp thu sắt tối đa. Bước thứ ba: Tránh cho uống sữa ngay sau bữa ăn có thịt để không cản trở hấp thu sắt.",Đừng tự ý mua thuốc sắt cho con uống khi chưa có chỉ định của bác sĩ mẹ nhé. Theo dõi Ăn dặm mẹ Dâu ngay!,"Cách bổ sung sắt tự nhiên giúp bé hồng hào, không lo thiếu máu! Mẹ lưu ngay 3 nguyên tắc vàng này nhé! 👉 Theo dõi Ăn dặm mẹ Dâu để chăm con nhàn tênh!
#andammeDau #andam #bosungsatchobe #dinhduongchobe #nuoiconkhoahoc","Bổ Sung Sắt Tự Nhiên Cho Bé 6-12 Tháng Đúng Cách 🩸
Từ tháng thứ 6, nhu cầu sắt của bé tăng vọt. Mẹ hãy tận dụng nguồn sắt từ thực phẩm tự nhiên kết hợp vitamin C theo hướng dẫn trong video nhé.
Follow @andammeDau để nhận thêm nhiều kiến thức bổ ích!
#andammeDau #andam #thucdonandam #mebim #suckhoechobe","Nguyên tắc bổ sung sắt tự nhiên ngừa thiếu máu cho bé ăn dặm | Ăn dặm mẹ Dâu #Shorts
#Shorts #andammeDau #andam #bosungsatchobe"
3,Sáng (07:00),Thực đơn & Công thức,Top 4 Dầu Ăn Dặm Tốt Nhất,Nấu cháo mà quên cho dầu ăn thì bé mất đi 50% năng lượng và không hấp thu được vitamin!,Loại thứ nhất là dầu Oliu ép lạnh giàu chất béo tốt. Loại thứ hai là dầu hạt lanh giàu Omega-3 giúp phát triển trí não. Loại thứ ba là dầu quả bơ dịu nhẹ cho hệ tiêu hóa. Loại thứ tư là dầu mè nguyên chất thơm nồng kích thích vị giác.,Mẹ nhớ cho 5ml dầu vào cháo sau khi đã tắt bếp để giữ nguyên dưỡng chất nhé. Follow Ăn dặm mẹ Dâu ngay!,"Top 4 loại dầu ăn dặm tốt nhất giúp bé phát triển não bộ và tăng cân đều đặn! Đừng bỏ qua bước quan trọng này mẹ nha! 👉 Follow Ăn dặm mẹ Dâu!
#andammeDau #andam #dauanandam #dinhduongchobe #thucdonchobe","4 Loại Dầu Ăn Dặm Tốt Nhất Giúp Bé Thông Minh, Tăng Cân Đều 🥑
Chất béo chiếm tới 40-50% nhu cầu năng lượng của trẻ dưới 1 tuổi và là dung môi hấp thu vitamin A, D, E, K. Mẹ hãy chọn đúng loại dầu theo hướng dẫn nhé.
Lưu lại và follow @andammeDau ngay hôm nay!
#andammeDau #andam #nuoiconkhoahoc #chamsoccon #dauan","Top 4 loại dầu ăn dặm tốt nhất cho sự phát triển của não bộ bé | Ăn dặm mẹ Dâu #Shorts
#Shorts #andammeDau #andam #dauanandam"
3,Tối (19:30),Khoa học & Lầm tưởng,Sự Thật Về Nước Hầm Xương,"Nhiều mẹ ninh xương lấy nước nấu cháo vì nghĩ nhiều canxi, nhưng sự thật từ Viện Dinh Dưỡng sẽ khiến mẹ giật mình!","Thực tế thứ nhất: Trong 100ml nước hầm xương chỉ có khoảng 10mg canxi dạng vô cơ rất khó hấp thu. Thực tế thứ hai: Nước xương chứa nhiều chất béo bão hòa gây đầy bụng, khó tiêu cho bé. Thực tế thứ ba: Toàn bộ đạm và canxi thật đều nằm ở phần thịt và xác.",Mẹ hãy cho con ăn cả phần thịt băm nhuyễn thay vì chỉ dùng nước hầm nhé. Theo dõi Ăn dặm mẹ Dâu ngay!,"Sự thật về nước hầm xương nấu cháo ăn dặm: Bổ béo hay chỉ là chất béo gây đầy bụng? Cùng tìm hiểu sự thật khoa học nhé! 👉 Follow Ăn dặm mẹ Dâu!
#andammeDau #andam #nuoiconkhoahoc #lamtuongandam #mevabe","Giải Mã Lầm Tưởng: Nước Hầm Xương Có Thực Sự Bổ Canxi? 🦴
Nhiều mẹ kỳ công hầm xương cả ngày nhưng con vẫn còi cọc thiếu canxi. Video này sẽ giúp mẹ hiểu đúng bản chất dinh dưỡng để chăm con khoa học hơn.
Follow @andammeDau để không bỏ lỡ kiến thức chuẩn y khoa!
#andammeDau #andam #khoahocandam #mebimthongthai #chamsoccon","Sự thật về nước hầm xương khi nấu cháo ăn dặm cho bé | Ăn dặm mẹ Dâu #Shorts
#Shorts #andammeDau #nuoiconkhoahoc #andam"
4,Sáng (07:00),Thực đơn & Công thức,Cách Cho Bé Ăn Trứng Lần Đầu,Trứng gà rất giàu dinh dưỡng nhưng ăn sai cách bé rất dễ dị ứng. Mẹ áp dụng ngay 3 bước an toàn này nhé.,Bước thứ nhất: Bé dưới 9 tháng chỉ ăn lòng đỏ trứng được luộc chín kỹ. Bước thứ hai: Bắt đầu bằng 1/4 lòng đỏ nghiền nhuyễn trộn cùng cháo trong bữa đầu tiên. Bước thứ ba: Theo dõi phản ứng của bé trong 72 giờ trước khi tăng lượng lên nửa lòng đỏ.,Lòng trắng trứng chỉ nên cho bé ăn sau 9 đến 12 tháng mẹ nhé. Bấm theo dõi Ăn dặm mẹ Dâu để chăm con chuẩn chỉ!,"Quy tắc cho bé ăn trứng gà lần đầu không lo dị ứng! Mẹ lưu lại ngay để áp dụng cho con nhé! 👉 Follow Ăn dặm mẹ Dâu!
#andammeDau #andam #thucdonandam #trungga #mevabe","Hướng Dẫn Cho Bé Ăn Trứng Gà Lần Đầu An Toàn Tuyệt Đối 🥚
Trứng là siêu thực phẩm giàu choline và đạm, nhưng lòng trắng có nguy cơ dị ứng cao. Hãy bắt đầu với lòng đỏ theo đúng lộ trình 3 bước này nhé mẹ.
Lưu lại và follow @andammeDau ngay!
#andammeDau #andam #nuoiconkhoahoc #monngonchobe #chamsoccon","Cách cho bé ăn trứng gà lần đầu an toàn, phòng ngừa dị ứng | Ăn dặm mẹ Dâu #Shorts
#Shorts #andammeDau #andam #thucdonandam"
4,Tối (19:30),Khoa học & Lầm tưởng,Cấm Tuyệt Đối Mật Ong Dưới 1 Tuổi,Dù chỉ một giọt mật ong cũng có thể đe dọa tính mạng của bé dưới 1 tuổi! Mẹ tuyệt đối không được chủ quan.,"Lý do thứ nhất: Mật ong tự nhiên có thể chứa bào tử vi khuẩn Clostridium botulinum. Lý do thứ hai: Hệ tiêu hóa non nớt của trẻ chưa đủ axit để tiêu diệt bào tử này, gây ngộ độc liệt cơ nguy hiểm. Lý do thứ ba: Ngay cả mật ong hấp lá hẹ hay chưng quất cũng không tiêu diệt được bào tử.",Hãy đợi con tròn 1 tuổi mới dùng mật ong mẹ nhé. Theo dõi Ăn dặm mẹ Dâu để bảo vệ con yêu mỗi ngày!,"Cảnh báo khẩn cấp: Tuyệt đối không dùng mật ong cho trẻ dưới 1 tuổi! Nguy cơ ngộ độc độc tố botulinum mẹ cần biết! 👉 Follow Ăn dặm mẹ Dâu!
#andammeDau #andam #canhbaosuckhoe #matong #nuoiconkhoahoc","Vì Sao Mật Ong Bị CẤM Tuyệt Đối Cho Trẻ Dưới 1 Tuổi? 🍯
Nhiều mẹ vẫn truyền tai nhau dùng mật ong rơ lưỡi hay hấp quất trị ho cho bé sơ sinh. Đây là sai lầm cực kỳ nguy hiểm có thể dẫn đến liệt cơ hô hấp.
Follow @andammeDau để cập nhật kiến thức an toàn cho bé!
#andammeDau #andam #mebim #suckhoechobe #chamsoccon","Tại sao cấm tuyệt đối mật ong cho trẻ dưới 1 tuổi? Lời cảnh báo từ y khoa | Ăn dặm mẹ Dâu #Shorts
#Shorts #andammeDau #canhbaosuckhoe #andam"
5,Sáng (07:00),Thực đơn & Công thức,4 Món Cháo Trị Táo Bón Cho Bé,"Bé đi ngoài rặn đỏ mặt, phân khô cứng? Mẹ nấu ngay 4 món cháo giàu chất xơ hòa tan này nhé.",Món thứ nhất là cháo khoai lang mồng tơi nhuận tràng cực nhanh. Món thứ hai là cháo yến mạch nấu cùng mướp hương thơm mát. Món thứ ba là súp bí đao thịt cá lóc thanh nhiệt. Món thứ tư là cháo cải bó xôi nấu thịt lợn băm giàu chất xơ và magiê.,Đừng quên cho bé uống đủ nước mỗi ngày mẹ nhé. Theo dõi Ăn dặm mẹ Dâu để nhận thêm nhiều công thức hữu ích!,"Bé bị táo bón ăn gì cho nhanh khỏi? Lưu ngay 4 món cháo siêu nhuận tràng giúp con đi ngoài dễ dàng nhé! 👉 Follow Ăn dặm mẹ Dâu!
#andammeDau #andam #taobonotre #thucdonandam #mevabe","4 Món Cháo Nhuận Tràng Cứu Cánh Cho Bé Táo Bón 🥣
Táo bón lâu ngày khiến bé sợ ăn và nứt kẽ hậu môn. Hãy bổ sung ngay các loại rau củ giàu chất xơ hòa tan FOS theo 4 công thức trong video nhé.
Lưu lại và follow @andammeDau ngay!
#andammeDau #andam #taobon #chamsoccon #nuoiconkhoahoc","4 món cháo nhuận tràng trị táo bón hiệu quả cho bé ăn dặm | Ăn dặm mẹ Dâu #Shorts
#Shorts #andammeDau #andam #taobonotre"
5,Tối (19:30),Kỹ năng ăn & Tăng độ thô,Phân Biệt Ọe Và Hóc Ở Trẻ,Bé ọe khi ăn là bình thường hay nguy hiểm? Mẹ phải phân biệt ngay giữa Ọe và Hóc để xử lý đúng cách.,"Phân biệt thứ nhất: Ọe là phản xạ tự nhiên của đáy lưỡi, mặt bé đỏ, có tiếng ho và thức ăn trào ra ngoài. Phân biệt thứ hai: Hóc là dị vật bít tắc đường thở, bé im lặng hoàn toàn, mặt tái tím và không thể thở hay khóc.","Khi bé ọe hãy bình tĩnh để bé tự ho ra, tuyệt đối không móc họng bằng tay nhé. Theo dõi Ăn dặm mẹ Dâu ngay!","Phân biệt Ọe (Gagging) và Hóc (Choking) khi bé ăn dặm! Kỹ năng sống còn mẹ bỉm nhất định phải biết! 👉 Follow Ăn dặm mẹ Dâu!
#andammeDau #andam #socuuchobe #kynangmebim #chamsoccon","Phân Biệt ỌE Tự Nhiên Và HÓC Dị Vật Ở Trẻ Nhỏ 🚨
Nhiều mẹ hoảng loạn khi thấy con ọe và vội vàng móc họng, điều này vô tình đẩy thức ăn vào sâu đường thở. Hãy xem kỹ video để phân biệt chính xác nhé.
Follow @andammeDau để trang bị kiến thức nuôi con an toàn!
#andammeDau #andam #nuoiconkhoahoc #socuu #mebimthongthai","Cách phân biệt Ọe và Hóc dị vật đường thở ở trẻ ăn dặm | Ăn dặm mẹ Dâu #Shorts
#Shorts #andammeDau #socuuchobe #andam"
6,Sáng (07:00),Kỹ năng ăn & Tăng độ thô,Lộ Trình 4 Bước Tăng Độ Thô,Xay nhuyễn thức ăn quá lâu khiến bé lười nhai và chậm nói! Mẹ áp dụng ngay lộ trình tăng thô 4 bước này.,Giai đoạn 1 từ 6 tháng: Bột cháo loãng rây mịn 1:10. Giai đoạn 2 từ 7 đến 8 tháng: Cháo vỡ hạt sệt lợn cợn tỷ lệ 1:7. Giai đoạn 3 từ 9 đến 11 tháng: Nấu mềm băm nhỏ hạt lựu để bé tập nhai bằng nướu. Giai đoạn 4 từ 12 tháng trở lên: Cơm nát và thức ăn cắt nhỏ cùng gia đình.,Hãy kiên nhẫn tăng thô từng bước nhỏ mẹ nhé. Theo dõi kênh Ăn dặm mẹ Dâu để xem hướng dẫn chi tiết từng tháng!,"Lộ trình 4 bước tăng độ thô từ 6 đến 12 tháng giúp bé tập nhai tốt, không lo nôn trớ! 👉 Follow Ăn dặm mẹ Dâu ngay!
#andammeDau #andam #tangdotho #tapnhai #thucdonandam","Lộ Trình Tăng Độ Thô 4 Giai Đoạn Chuẩn Khoa Học 📈
Cửa sổ vàng tập nhai của bé là từ 7-9 tháng. Đừng để con phụ thuộc vào máy xay sinh tố quá lâu mẹ nhé.
Lưu lại và follow @andammeDau để xem chi tiết từng giai đoạn!
#andammeDau #andam #nuoiconkhoahoc #chamsoccon #andamkieunhat","Lộ trình 4 bước tăng độ thô cho bé từ 6 đến 12 tháng chuẩn khoa học | Ăn dặm mẹ Dâu #Shorts
#Shorts #andammeDau #tangdotho #andam"
6,Tối (19:30),Khoa học & Lầm tưởng,Vì Sao Cấm Nêm Gia Vị Dưới 1 Tuổi?,"Nhiều người lớn bảo cháo nhạt thế này sao nuốt nổi, nhưng nêm mắm muối sớm là đang vô tình hại thận của con!","Nguyên nhân thứ nhất: Thận của trẻ dưới 1 tuổi chỉ lọc được 1/3 lượng muối so với người lớn. Nguyên nhân thứ hai: Lượng muối tự nhiên trong sữa và thực phẩm đã đủ 100% nhu cầu của bé. Nguyên nhân thứ ba: Nêm mặn sớm tạo thói quen ăn mặn, tăng nguy cơ cao huyết áp và tim mạch sau này.",Hãy tôn trọng vị giác nguyên bản thuần khiết của con mẹ nhé. Theo dõi Ăn dặm mẹ Dâu để nuôi con chuẩn y khoa!,"Tại sao cấm tuyệt đối nêm mắm muối cho bé dưới 1 tuổi? Đừng để thói quen của người lớn làm hại thận của con! 👉 Follow Ăn dặm mẹ Dâu!
#andammeDau #andam #khoahocandam #mevabe #nuoiconkhoahoc","Vì Sao Không Được Nêm Gia Vị Vào Đồ Ăn Dặm Dưới 1 Tuổi? 🧂
Vị giác của trẻ nhạy cảm gấp nhiều lần người lớn. Cháo nhạt với mẹ nhưng lại vừa vặn ngọt lành với con. Hãy bảo vệ thận của bé từ những bữa ăn đầu đời nhé.
Follow @andammeDau để chăm con an toàn!
#andammeDau #andam #suckhoebe #mebimthongthai #chamsoccon","Lý do cấm nêm mắm muối gia vị cho trẻ dưới 1 tuổi | Ăn dặm mẹ Dâu #Shorts
#Shorts #andammeDau #nuoiconkhoahoc #andam"
7,Sáng (07:00),Thực đơn & Công thức,Thực Đơn 7 Ngày Đủ 4 Nhóm Chất,"Không cần đau đầu nghĩ hôm nay con ăn gì, mẹ lưu ngay thực đơn 7 ngày đổi vị đủ 4 nhóm chất sau đây.",Thứ hai: Cháo bò bí đỏ. Thứ ba: Cháo gà hạt sen ngậy thơm. Thứ tư: Cháo cá hồi cải bó xôi giàu DHA. Thứ năm: Cháo tôm bí đao ngọt thanh. Thứ sáu: Đậu hũ non sốt cà chua. Thứ bảy: Cháo chim bồ câu bồi bổ. Chủ nhật: Cháo lươn đồng nấu đậu xanh thanh mát.,Mỗi bữa mẹ nhớ thêm 5ml dầu ăn dặm sau khi tắt bếp nhé. Lưu video lại và theo dõi Ăn dặm mẹ Dâu ngay!,"Thực đơn ăn dặm 7 ngày đổi món liên tục đủ 4 nhóm chất cho bé 7-8 tháng! Mẹ lưu lại nấu cho con nhé! 👉 Follow Ăn dặm mẹ Dâu!
#andammeDau #andam #thucdonandam #thucdon7ngay #mevabe","Thực Đơn Ăn Dặm 7 Ngày Trọn Vị Cho Bé 7-9 Tháng 🥗
Đa dạng hóa thực phẩm giúp bé phát triển toàn diện và không kén ăn. Lưu ngay thực đơn 7 ngày chuẩn dinh dưỡng này để nấu cho bé yêu nhé mẹ.
Follow @andammeDau để nhận thực đơn mới mỗi tuần!
#andammeDau #andam #monngonchobe #chamsoccon #nuoiconkhoahoc","Thực đơn ăn dặm 7 ngày đủ 4 nhóm chất cho bé phát triển toàn diện | Ăn dặm mẹ Dâu #Shorts
#Shorts #andammeDau #andam #thucdonandam"
7,Tối (19:30),Xử lý biếng ăn & Vi chất,3 Sai Lầm Nấu Cháo Khiến Con Biếng Ăn,Nấu cháo công phu mà con cứ lắc đầu ngậm chặt miệng? Rất có thể mẹ đang mắc phải 3 sai lầm kinh điển này.,Sai lầm thứ nhất: Nấu một nồi cháo lớn rồi hâm đi hâm lại cả ngày làm mất mùi thơm và vitamin. Sai lầm thứ hai: Cho quá nhiều loại rau củ vào một bát cháo khiến mùi vị bị lẫn lộn nồng gắt. Sai lầm thứ ba: Xay nhuyễn quá lâu khiến bé ngán và lười nuốt.,Hãy nấu từng bữa nhỏ tươi mới và đổi vị mỗi ngày mẹ nhé. Theo dõi Ăn dặm mẹ Dâu để chăm con nhàn hơn!,"3 sai lầm khi nấu đồ ăn dặm khiến con biếng ăn, chậm tăng cân mẹ cần tránh ngay! 👉 Follow Ăn dặm mẹ Dâu để chăm con đúng cách!
#andammeDau #andam #biengan #mevabe #nuoiconkhoahoc","3 Sai Lầm Khi Nấu Ăn Dặm Khiến Bé Sợ Ăn, Hay Ngậm ❌
Nhiều mẹ nghĩ cứ hầm đủ thứ bổ dưỡng vào một nồi là tốt, nhưng điều đó lại khiến bé sợ mùi thức ăn. Hãy điều chỉnh theo 3 lưu ý trong video nhé.
Follow @andammeDau để cập nhật mẹo chăm con hữu ích!
#andammeDau #andam #mebimthongthai #chamsoccon #thucdonchobe","3 sai lầm kinh điển khi nấu đồ ăn dặm khiến bé biếng ăn | Ăn dặm mẹ Dâu #Shorts
#Shorts #andammeDau #biengan #andam"
8,Sáng (07:00),Thực đơn & Chế biến,4 Món Cháo Tôm Ngọt Canxi,Cháo tôm đồng là nguồn bổ sung canxi và kẽm tuyệt vời cho bé 8 tháng. Lưu ngay 4 món cháo tôm siêu ngọt này nhé.,Món thứ nhất là cháo tôm bí đỏ ngọt bùi. Món thứ hai là cháo tôm rau ngót thanh mát. Món thứ ba là cháo tôm yến mạch béo ngậy. Món thứ tư là cháo tôm bông cải xanh giàu vitamin.,Mẹ nhớ lột sạch vỏ và bỏ chỉ lưng tôm nhé. Follow Ăn dặm mẹ Dâu ngay!,"Cháo tôm đồng là nguồn bổ sung canxi và kẽm tuyệt vời cho bé 8 tháng. Lưu ngay 4 món cháo tôm siêu ngọt này nhé. 👉 Follow Ăn dặm mẹ Dâu để nhận trọn bộ thực đơn dinh dưỡng chuẩn y khoa!
#andammeDau #andam #thucdonandam #monngonchobe #mevabe","4 Món Cháo Tôm Ngọt Canxi 🥣
Cháo tôm đồng là nguồn bổ sung canxi và kẽm tuyệt vời cho bé 8 tháng. Lưu ngay 4 món cháo tôm siêu ngọt này nhé.
Lưu lại và theo dõi @andammeDau để nhận công thức nấu ăn ngon cho bé mỗi ngày!
#andammeDau #andam #nuoiconkhoahoc #chamsoccon #thucdonchobe","4 Món Cháo Tôm Ngọt Canxi | Ăn dặm mẹ Dâu #Shorts
#Shorts #andammeDau #andam #thucdonandam"
8,Tối (19:30),Khoa học & Kỹ năng,Sơ Chế Tôm Cá Không Tanh Cho Bé,Nấu tôm cá mà bị tanh là bé nhè ra ngay! Mẹ áp dụng 3 mẹo khử tanh tự nhiên cực hiệu quả này.,Mẹo thứ nhất: Ngâm phi lê cá trong sữa tươi không đường 10 phút. Mẹo thứ hai: Hấp cá tôm cùng vài lát gừng và sả trước khi băm. Mẹo thứ ba: Xào sơ tôm cá với chút dầu mè thơm nồng.,Đảm bảo cháo thơm nức bé ăn hết veo bát. Theo dõi Ăn dặm mẹ Dâu ngay!,"Nấu tôm cá mà bị tanh là bé nhè ra ngay! Mẹ áp dụng 3 mẹo khử tanh tự nhiên cực hiệu quả này. 👉 Follow Ăn dặm mẹ Dâu để cập nhật kiến thức nuôi con chuẩn khoa học!
#andammeDau #andam #nuoiconkhoahoc #mebimthongthai #chamsoccon","Sơ Chế Tôm Cá Không Tanh Cho Bé 💡
Nấu tôm cá mà bị tanh là bé nhè ra ngay! Mẹ áp dụng 3 mẹo khử tanh tự nhiên cực hiệu quả này.
Follow @andammeDau để không bỏ lỡ những kiến thức chăm con hữu ích mỗi ngày!
#andammeDau #andam #mebim #suckhoebe #nuoiconkhoahoc","Sơ Chế Tôm Cá Không Tanh Cho Bé | Ăn dặm mẹ Dâu #Shorts
#Shorts #andammeDau #nuoiconkhoahoc #andam"
9,Sáng (07:00),Thực đơn & Chế biến,Cách Nấu Cháo Cá Hồi Không Tanh,Cá hồi giàu DHA giúp phát triển trí não nhưng rất dễ tanh. Mẹ nấu theo đúng 3 bước chuẩn này nhé.,Bước thứ nhất: Ngâm cá hồi trong nước chanh loãng hoặc sữa tươi 15 phút. Bước thứ hai: Áp chảo cá hồi với chút bơ lạt hoặc dầu oliu cho vàng thơm. Bước thứ ba: Nấu cùng cải bó xôi hoặc bí đỏ để tăng vị ngọt tự nhiên.,Cháo thơm ngậy bé ăn tì tì. Theo dõi Ăn dặm mẹ Dâu để nhận thêm công thức ngon!,"Cá hồi giàu DHA giúp phát triển trí não nhưng rất dễ tanh. Mẹ nấu theo đúng 3 bước chuẩn này nhé. 👉 Follow Ăn dặm mẹ Dâu để nhận trọn bộ thực đơn dinh dưỡng chuẩn y khoa!
#andammeDau #andam #thucdonandam #monngonchobe #mevabe","Cách Nấu Cháo Cá Hồi Không Tanh 🥣
Cá hồi giàu DHA giúp phát triển trí não nhưng rất dễ tanh. Mẹ nấu theo đúng 3 bước chuẩn này nhé.
Lưu lại và theo dõi @andammeDau để nhận công thức nấu ăn ngon cho bé mỗi ngày!
#andammeDau #andam #nuoiconkhoahoc #chamsoccon #thucdonchobe","Cách Nấu Cháo Cá Hồi Không Tanh | Ăn dặm mẹ Dâu #Shorts
#Shorts #andammeDau #andam #thucdonandam"
9,Tối (19:30),Khoa học & Kỹ năng,Top 5 Loại Cá Giàu DHA Ít Thủy Ngân,Không phải loại cá nào cũng an toàn cho bé ăn dặm. Đây là 5 loại cá giàu Omega-3 ít nhiễm thủy ngân nhất.,Loại thứ nhất là cá hồi hoang dã. Loại thứ hai là cá lóc đồng lành tính. Loại thứ ba là cá chép đồng ngọt thịt. Loại thứ tư là cá trích dồi dào canxi. Loại thứ năm là cá basa sạch mềm mọng.,Tránh xa cá ngừ đại dương và cá kiếm mẹ nhé. Theo dõi Ăn dặm mẹ Dâu ngay!,"Không phải loại cá nào cũng an toàn cho bé ăn dặm. Đây là 5 loại cá giàu Omega-3 ít nhiễm thủy ngân nhất. 👉 Follow Ăn dặm mẹ Dâu để cập nhật kiến thức nuôi con chuẩn khoa học!
#andammeDau #andam #nuoiconkhoahoc #mebimthongthai #chamsoccon","Top 5 Loại Cá Giàu DHA Ít Thủy Ngân 💡
Không phải loại cá nào cũng an toàn cho bé ăn dặm. Đây là 5 loại cá giàu Omega-3 ít nhiễm thủy ngân nhất.
Follow @andammeDau để không bỏ lỡ những kiến thức chăm con hữu ích mỗi ngày!
#andammeDau #andam #mebim #suckhoebe #nuoiconkhoahoc","Top 5 Loại Cá Giàu DHA Ít Thủy Ngân | Ăn dặm mẹ Dâu #Shorts
#Shorts #andammeDau #nuoiconkhoahoc #andam"
10,Sáng (07:00),Thực đơn & Chế biến,Quy Tắc Cấp Đông Đồ Ăn Dặm,Mẹ bận rộn muốn nấu đồ ăn dặm trữ đông cả tuần mà vẫn giữ 95% vitamin? Áp dụng ngay quy tắc vàng này.,"Quy tắc thứ nhất: Nấu chín, để nguội nhanh trong 30 phút rồi chia nhỏ vào khay đá có nắp đậy. Quy tắc thứ hai: Trữ đông ở nhiệt độ âm 18 độ C tối đa trong vòng 2 tuần. Quy tắc thứ ba: Dán nhãn ghi rõ ngày nấu lên từng khay.",Tiện lợi và an toàn tuyệt đối cho mẹ đi làm. Follow Ăn dặm mẹ Dâu ngay!,"Mẹ bận rộn muốn nấu đồ ăn dặm trữ đông cả tuần mà vẫn giữ 95% vitamin? Áp dụng ngay quy tắc vàng này. 👉 Follow Ăn dặm mẹ Dâu để nhận trọn bộ thực đơn dinh dưỡng chuẩn y khoa!
#andammeDau #andam #thucdonandam #monngonchobe #mevabe","Quy Tắc Cấp Đông Đồ Ăn Dặm 🥣
Mẹ bận rộn muốn nấu đồ ăn dặm trữ đông cả tuần mà vẫn giữ 95% vitamin? Áp dụng ngay quy tắc vàng này.
Lưu lại và theo dõi @andammeDau để nhận công thức nấu ăn ngon cho bé mỗi ngày!
#andammeDau #andam #nuoiconkhoahoc #chamsoccon #thucdonchobe","Quy Tắc Cấp Đông Đồ Ăn Dặm | Ăn dặm mẹ Dâu #Shorts
#Shorts #andammeDau #andam #thucdonandam"
10,Tối (19:30),Khoa học & Kỹ năng,Tuyệt Đối Không Rã Đông Nhiệt Độ Phòng,Rã đông đồ ăn dặm bằng cách để ở nhiệt độ phòng là môi trường lý tưởng cho vi khuẩn sinh sôi!,Lý do thứ nhất: Vùng nhiệt độ từ 5 đến 60 độ C khiến vi khuẩn nhân đôi sau mỗi 20 phút. Lý do thứ hai: Gây nguy cơ tiêu chảy và nhiễm khuẩn đường ruột cho bé. Lý do thứ ba: Cách chuẩn nhất là chuyển từ ngăn đá xuống ngăn mát từ tối hôm trước.,Hãy bảo vệ hệ tiêu hóa của con mẹ nhé. Theo dõi Ăn dặm mẹ Dâu ngay!,"Rã đông đồ ăn dặm bằng cách để ở nhiệt độ phòng là môi trường lý tưởng cho vi khuẩn sinh sôi! 👉 Follow Ăn dặm mẹ Dâu để cập nhật kiến thức nuôi con chuẩn khoa học!
#andammeDau #andam #nuoiconkhoahoc #mebimthongthai #chamsoccon","Tuyệt Đối Không Rã Đông Nhiệt Độ Phòng 💡
Rã đông đồ ăn dặm bằng cách để ở nhiệt độ phòng là môi trường lý tưởng cho vi khuẩn sinh sôi!
Follow @andammeDau để không bỏ lỡ những kiến thức chăm con hữu ích mỗi ngày!
#andammeDau #andam #mebim #suckhoebe #nuoiconkhoahoc","Tuyệt Đối Không Rã Đông Nhiệt Độ Phòng | Ăn dặm mẹ Dâu #Shorts
#Shorts #andammeDau #nuoiconkhoahoc #andam"
11,Sáng (07:00),Thực đơn & Chế biến,3 Bánh Ăn Dặm Chuối Yến Mạch,Mẹ muốn làm bữa phụ dinh dưỡng cho con mà không có lò nướng? Lưu ngay 3 món bánh chuối siêu dễ làm này.,Món thứ nhất là bánh pancake chuối yến mạch áp chảo chống dính. Món thứ hai là bánh chuối hấp nước cốt dừa béo ngậy. Món thứ ba là bánh muffin chuối bơ nướng bằng nồi chiên không dầu.,Thơm lừng mềm xốp bé nào cũng thích mê. Bấm theo dõi Ăn dặm mẹ Dâu ngay!,"Mẹ muốn làm bữa phụ dinh dưỡng cho con mà không có lò nướng? Lưu ngay 3 món bánh chuối siêu dễ làm này. 👉 Follow Ăn dặm mẹ Dâu để nhận trọn bộ thực đơn dinh dưỡng chuẩn y khoa!
#andammeDau #andam #thucdonandam #monngonchobe #mevabe","3 Bánh Ăn Dặm Chuối Yến Mạch 🥣
Mẹ muốn làm bữa phụ dinh dưỡng cho con mà không có lò nướng? Lưu ngay 3 món bánh chuối siêu dễ làm này.
Lưu lại và theo dõi @andammeDau để nhận công thức nấu ăn ngon cho bé mỗi ngày!
#andammeDau #andam #nuoiconkhoahoc #chamsoccon #thucdonchobe","3 Bánh Ăn Dặm Chuối Yến Mạch | Ăn dặm mẹ Dâu #Shorts
#Shorts #andammeDau #andam #thucdonandam"
11,Tối (19:30),Khoa học & Kỹ năng,Bé Dưới 1 Tuổi Có Nên Ăn Sữa Chua?,Bé mấy tháng thì bắt đầu ăn được sữa chua và váng sữa? Mẹ xem ngay giải đáp từ chuyên gia.,Thứ nhất: Sữa chua nguyên chất không đường dùng được cho bé từ 7 tháng tuổi. Thứ hai: Men vi sinh trong sữa chua giúp hỗ trợ tiêu hóa rất tốt. Thứ ba: Váng sữa chỉ nên dùng từ sau 10 tháng và không ăn quá nhiều vì quá nhiều chất béo no.,Chọn loại sữa chua trắng không đường mẹ nhé. Follow Ăn dặm mẹ Dâu ngay!,"Bé mấy tháng thì bắt đầu ăn được sữa chua và váng sữa? Mẹ xem ngay giải đáp từ chuyên gia. 👉 Follow Ăn dặm mẹ Dâu để cập nhật kiến thức nuôi con chuẩn khoa học!
#andammeDau #andam #nuoiconkhoahoc #mebimthongthai #chamsoccon","Bé Dưới 1 Tuổi Có Nên Ăn Sữa Chua? 💡
Bé mấy tháng thì bắt đầu ăn được sữa chua và váng sữa? Mẹ xem ngay giải đáp từ chuyên gia.
Follow @andammeDau để không bỏ lỡ những kiến thức chăm con hữu ích mỗi ngày!
#andammeDau #andam #mebim #suckhoebe #nuoiconkhoahoc","Bé Dưới 1 Tuổi Có Nên Ăn Sữa Chua? | Ăn dặm mẹ Dâu #Shorts
#Shorts #andammeDau #nuoiconkhoahoc #andam"
12,Sáng (07:00),Thực đơn & Chế biến,4 Món Cháo Bồ Câu Bồi Bổ Cho Bé,"Bé mới ốm dậy hoặc chậm tăng cân, mẹ nấu ngay cháo chim bồ câu béo ngậy bồi bổ này nhé.",Món thứ nhất là cháo bồ câu hạt sen an thần ngủ ngon. Món thứ hai là cháo bồ câu đậu xanh thanh nhiệt giải độc. Món thứ ba là cháo bồ câu cà rốt bổ mắt. Món thứ tư là cháo bồ câu nấm hương thơm lừng.,Thịt bồ câu mềm ngọt giàu đạm lành tính. Theo dõi Ăn dặm mẹ Dâu để nhận công thức!,"Bé mới ốm dậy hoặc chậm tăng cân, mẹ nấu ngay cháo chim bồ câu béo ngậy bồi bổ này nhé. 👉 Follow Ăn dặm mẹ Dâu để nhận trọn bộ thực đơn dinh dưỡng chuẩn y khoa!
#andammeDau #andam #thucdonandam #monngonchobe #mevabe","4 Món Cháo Bồ Câu Bồi Bổ Cho Bé 🥣
Bé mới ốm dậy hoặc chậm tăng cân, mẹ nấu ngay cháo chim bồ câu béo ngậy bồi bổ này nhé.
Lưu lại và theo dõi @andammeDau để nhận công thức nấu ăn ngon cho bé mỗi ngày!
#andammeDau #andam #nuoiconkhoahoc #chamsoccon #thucdonchobe","4 Món Cháo Bồ Câu Bồi Bổ Cho Bé | Ăn dặm mẹ Dâu #Shorts
#Shorts #andammeDau #andam #thucdonandam"
12,Tối (19:30),Khoa học & Kỹ năng,Cách Chọn Ức Gà Nấu Đồ Ăn Dặm,Ức gà là nguồn đạm trắng tuyệt vời nhưng nấu không khéo rất dễ bị bã và khô. Mẹ lưu ngay bí quyết này.,"Bí quyết thứ nhất: Chọn ức gà có màu hồng tươi, đàn hồi tốt không chảy nước. Bí quyết thứ hai: Luộc ức gà cùng vài lát hành tây để thịt ngọt và thơm. Bí quyết thứ ba: Xé nhỏ băm nhuyễn rồi xào cùng chút dầu oliu trước khi nấu cháo.",Thịt gà mềm mọng bé nuốt thun thút. Bấm follow Ăn dặm mẹ Dâu ngay!,"Ức gà là nguồn đạm trắng tuyệt vời nhưng nấu không khéo rất dễ bị bã và khô. Mẹ lưu ngay bí quyết này. 👉 Follow Ăn dặm mẹ Dâu để cập nhật kiến thức nuôi con chuẩn khoa học!
#andammeDau #andam #nuoiconkhoahoc #mebimthongthai #chamsoccon","Cách Chọn Ức Gà Nấu Đồ Ăn Dặm 💡
Ức gà là nguồn đạm trắng tuyệt vời nhưng nấu không khéo rất dễ bị bã và khô. Mẹ lưu ngay bí quyết này.
Follow @andammeDau để không bỏ lỡ những kiến thức chăm con hữu ích mỗi ngày!
#andammeDau #andam #mebim #suckhoebe #nuoiconkhoahoc","Cách Chọn Ức Gà Nấu Đồ Ăn Dặm | Ăn dặm mẹ Dâu #Shorts
#Shorts #andammeDau #nuoiconkhoahoc #andam"
13,Sáng (07:00),Thực đơn & Chế biến,Làm Gì Khi Bé Ngậm Miệng Không Ăn?,"Con đột ngột ngậm chặt miệng, lắc đầu từ chối đồ ăn? Mẹ hãy bình tĩnh áp dụng quy tắc 3 không sau.","Không thứ nhất: Không ép con ăn, không nhét thìa khi con đang khóc. Không thứ hai: Không bật tivi điện thoại để dụ con ăn thụ động. Không thứ ba: Bữa ăn chỉ kéo dài tối đa 30 phút, hết giờ là dọn dẹp vui vẻ.",Tôn trọng nhu cầu của con giúp bé nhanh ăn ngon miệng trở lại. Follow Ăn dặm mẹ Dâu ngay!,"Con đột ngột ngậm chặt miệng, lắc đầu từ chối đồ ăn? Mẹ hãy bình tĩnh áp dụng quy tắc 3 không sau. 👉 Follow Ăn dặm mẹ Dâu để nhận trọn bộ thực đơn dinh dưỡng chuẩn y khoa!
#andammeDau #andam #thucdonandam #monngonchobe #mevabe","Làm Gì Khi Bé Ngậm Miệng Không Ăn? 🥣
Con đột ngột ngậm chặt miệng, lắc đầu từ chối đồ ăn? Mẹ hãy bình tĩnh áp dụng quy tắc 3 không sau.
Lưu lại và theo dõi @andammeDau để nhận công thức nấu ăn ngon cho bé mỗi ngày!
#andammeDau #andam #nuoiconkhoahoc #chamsoccon #thucdonchobe","Làm Gì Khi Bé Ngậm Miệng Không Ăn? | Ăn dặm mẹ Dâu #Shorts
#Shorts #andammeDau #andam #thucdonandam"
13,Tối (19:30),Khoa học & Kỹ năng,Quy Tắc 30 Phút Cho Bữa Ăn Dặm,Cho con ăn kéo dài cả tiếng đồng hồ vừa làm vữa cháo vừa gây ức chế tâm lý cho cả mẹ và bé!,"Lý do thứ nhất: Sau 30 phút, thức ăn bị nguội và mất hết men tiêu hóa tự nhiên. Lý do thứ hai: Tạo thói quen ăn ngậm và ỷ lại. Lý do thứ ba: Khi mẹ dọn bữa đúng giờ, bé sẽ hiểu cảm giác đói và ăn hào hứng hơn vào bữa sau.",Hãy tạo thói quen ăn uống lành mạnh cho con mẹ nhé. Theo dõi Ăn dặm mẹ Dâu ngay!,"Cho con ăn kéo dài cả tiếng đồng hồ vừa làm vữa cháo vừa gây ức chế tâm lý cho cả mẹ và bé! 👉 Follow Ăn dặm mẹ Dâu để cập nhật kiến thức nuôi con chuẩn khoa học!
#andammeDau #andam #nuoiconkhoahoc #mebimthongthai #chamsoccon","Quy Tắc 30 Phút Cho Bữa Ăn Dặm 💡
Cho con ăn kéo dài cả tiếng đồng hồ vừa làm vữa cháo vừa gây ức chế tâm lý cho cả mẹ và bé!
Follow @andammeDau để không bỏ lỡ những kiến thức chăm con hữu ích mỗi ngày!
#andammeDau #andam #mebim #suckhoebe #nuoiconkhoahoc","Quy Tắc 30 Phút Cho Bữa Ăn Dặm | Ăn dặm mẹ Dâu #Shorts
#Shorts #andammeDau #nuoiconkhoahoc #andam"
14,Sáng (07:00),Thực đơn & Chế biến,3 Món Cháo Đậu Lăng Giàu Đạm Thực Vật,Đậu lăng đỏ là siêu thực phẩm giàu đạm thực vật và chất xơ tuyệt vời cho bé từ 7 tháng.,Món thứ nhất là cháo đậu lăng bí đỏ sánh mịn. Món thứ hai là súp đậu lăng thịt gà thơm bùi. Món thứ ba là cháo đậu lăng yến mạch cà rốt ngọt tự nhiên.,Ngâm đậu lăng 20 phút trước khi nấu mẹ nhé. Follow Ăn dặm mẹ Dâu để chăm con khoa học!,"Đậu lăng đỏ là siêu thực phẩm giàu đạm thực vật và chất xơ tuyệt vời cho bé từ 7 tháng. 👉 Follow Ăn dặm mẹ Dâu để nhận trọn bộ thực đơn dinh dưỡng chuẩn y khoa!
#andammeDau #andam #thucdonandam #monngonchobe #mevabe","3 Món Cháo Đậu Lăng Giàu Đạm Thực Vật 🥣
Đậu lăng đỏ là siêu thực phẩm giàu đạm thực vật và chất xơ tuyệt vời cho bé từ 7 tháng.
Lưu lại và theo dõi @andammeDau để nhận công thức nấu ăn ngon cho bé mỗi ngày!
#andammeDau #andam #nuoiconkhoahoc #chamsoccon #thucdonchobe","3 Món Cháo Đậu Lăng Giàu Đạm Thực Vật | Ăn dặm mẹ Dâu #Shorts
#Shorts #andammeDau #andam #thucdonandam"
14,Tối (19:30),Khoa học & Kỹ năng,Trẻ Dưới 1 Tuổi Có Nên Uống Sữa Hạt?,"Nhiều mẹ muốn thay thế hoàn toàn sữa bò bằng sữa hạt cho con, nhưng chuyên gia dinh dưỡng khuyến cáo thế nào?",Khuyến cáo thứ nhất: Sữa mẹ và sữa công thức là nguồn dinh dưỡng chính dưới 1 tuổi. Khuyến cáo thứ hai: Sữa hạt thiếu đạm hoàn chỉnh và vitamin B12 cần thiết cho não bộ. Khuyến cáo thứ ba: Chỉ nên dùng sữa hạt như bữa phụ bổ sung từ 8 tháng tuổi trở lên.,Cân bằng dinh dưỡng cho con mẹ nhé. Bấm theo dõi Ăn dặm mẹ Dâu ngay!,"Nhiều mẹ muốn thay thế hoàn toàn sữa bò bằng sữa hạt cho con, nhưng chuyên gia dinh dưỡng khuyến cáo thế nào? 👉 Follow Ăn dặm mẹ Dâu để cập nhật kiến thức nuôi con chuẩn khoa học!
#andammeDau #andam #nuoiconkhoahoc #mebimthongthai #chamsoccon","Trẻ Dưới 1 Tuổi Có Nên Uống Sữa Hạt? 💡
Nhiều mẹ muốn thay thế hoàn toàn sữa bò bằng sữa hạt cho con, nhưng chuyên gia dinh dưỡng khuyến cáo thế nào?
Follow @andammeDau để không bỏ lỡ những kiến thức chăm con hữu ích mỗi ngày!
#andammeDau #andam #mebim #suckhoebe #nuoiconkhoahoc","Trẻ Dưới 1 Tuổi Có Nên Uống Sữa Hạt? | Ăn dặm mẹ Dâu #Shorts
#Shorts #andammeDau #nuoiconkhoahoc #andam"
15,Sáng (07:00),Thực đơn & Chế biến,Cách Cắt Rau Củ Chuẩn BLW Cho Bé,"Tập cho bé ăn dặm tự chỉ huy BLW, mẹ cần biết cách cắt thức ăn chuẩn để con dễ cầm nắm và an toàn.",Cách thứ nhất: Cắt thanh dài hình que to bằng ngón tay trỏ của mẹ. Cách thứ hai: Hấp chín mềm đến mức dùng 2 ngón tay bóp nhẹ là nát. Cách thứ ba: Dùng dao lượn sóng tạo vân giúp tay bé không bị trơn trượt.,Bé tự lập ăn ngoan mẹ nhàn tênh. Theo dõi Ăn dặm mẹ Dâu để xem thêm mẹo hay!,"Tập cho bé ăn dặm tự chỉ huy BLW, mẹ cần biết cách cắt thức ăn chuẩn để con dễ cầm nắm và an toàn. 👉 Follow Ăn dặm mẹ Dâu để nhận trọn bộ thực đơn dinh dưỡng chuẩn y khoa!
#andammeDau #andam #thucdonandam #monngonchobe #mevabe","Cách Cắt Rau Củ Chuẩn BLW Cho Bé 🥣
Tập cho bé ăn dặm tự chỉ huy BLW, mẹ cần biết cách cắt thức ăn chuẩn để con dễ cầm nắm và an toàn.
Lưu lại và theo dõi @andammeDau để nhận công thức nấu ăn ngon cho bé mỗi ngày!
#andammeDau #andam #nuoiconkhoahoc #chamsoccon #thucdonchobe","Cách Cắt Rau Củ Chuẩn BLW Cho Bé | Ăn dặm mẹ Dâu #Shorts
#Shorts #andammeDau #andam #thucdonandam"
15,Tối (19:30),Khoa học & Kỹ năng,3 Nguyên Tắc An Toàn Khi Ăn BLW,Mẹ muốn tập cho con ăn tự chỉ huy nhưng sợ hóc? Thuộc lòng 3 nguyên tắc an toàn tuyệt đối này nhé.,"Nguyên tắc thứ nhất: Bé phải ngồi thẳng lưng trên ghế ăn dặm, không ăn khi nằm hay bế rong. Nguyên tắc thứ hai: Thức ăn phải được nấu mềm đúng chuẩn có thể nghiền bằng nướu. Nguyên tắc thứ ba: Luôn có người lớn quan sát bé trong suốt bữa ăn.",Tự tin đồng hành cùng con mẹ nhé. Bấm theo dõi Ăn dặm mẹ Dâu ngay!,"Mẹ muốn tập cho con ăn tự chỉ huy nhưng sợ hóc? Thuộc lòng 3 nguyên tắc an toàn tuyệt đối này nhé. 👉 Follow Ăn dặm mẹ Dâu để cập nhật kiến thức nuôi con chuẩn khoa học!
#andammeDau #andam #nuoiconkhoahoc #mebimthongthai #chamsoccon","3 Nguyên Tắc An Toàn Khi Ăn BLW 💡
Mẹ muốn tập cho con ăn tự chỉ huy nhưng sợ hóc? Thuộc lòng 3 nguyên tắc an toàn tuyệt đối này nhé.
Follow @andammeDau để không bỏ lỡ những kiến thức chăm con hữu ích mỗi ngày!
#andammeDau #andam #mebim #suckhoebe #nuoiconkhoahoc","3 Nguyên Tắc An Toàn Khi Ăn BLW | Ăn dặm mẹ Dâu #Shorts
#Shorts #andammeDau #nuoiconkhoahoc #andam"
16,Sáng (07:00),Thực đơn & Chế biến,Nấu Nước Dashi Rau Củ Ngọt Thanh,Nước dùng Dashi từ rau củ tự nhiên là bí quyết nấu cháo thơm ngọt đậm đà của mẹ Nhật.,"Bước thứ nhất: Chọn các loại củ quả ngọt lành như bắp ngọt, cà rốt, củ cải trắng và mía lau. Bước thứ hai: Nấu sôi nhỏ lửa trong 30 đến 40 phút để rau củ tiết trọn vị ngọt. Bước thứ ba: Lọc lấy nước trong và trữ đông dùng dần trong tuần.",Vừa ngọt tự nhiên vừa an toàn cho thận của bé. Follow Ăn dặm mẹ Dâu ngay!,"Nước dùng Dashi từ rau củ tự nhiên là bí quyết nấu cháo thơm ngọt đậm đà của mẹ Nhật. 👉 Follow Ăn dặm mẹ Dâu để nhận trọn bộ thực đơn dinh dưỡng chuẩn y khoa!
#andammeDau #andam #thucdonandam #monngonchobe #mevabe","Nấu Nước Dashi Rau Củ Ngọt Thanh 🥣
Nước dùng Dashi từ rau củ tự nhiên là bí quyết nấu cháo thơm ngọt đậm đà của mẹ Nhật.
Lưu lại và theo dõi @andammeDau để nhận công thức nấu ăn ngon cho bé mỗi ngày!
#andammeDau #andam #nuoiconkhoahoc #chamsoccon #thucdonchobe","Nấu Nước Dashi Rau Củ Ngọt Thanh | Ăn dặm mẹ Dâu #Shorts
#Shorts #andammeDau #andam #thucdonandam"
16,Tối (19:30),Khoa học & Kỹ năng,Tại Sao Người Nhật Tách Riêng Từng Món?,"Trong ăn dặm kiểu Nhật, mẹ Nhật luôn để riêng cháo, đạm và rau thay vì nấu chung một bát. Vì sao vậy?",Lợi ích thứ nhất: Giúp bé phân biệt rõ mùi vị và màu sắc của từng loại thực phẩm. Lợi ích thứ hai: Kích thích vị giác và khả năng phản xạ nhai nuốt. Lợi ích thứ ba: Dễ dàng phát hiện nếu bé bị dị ứng với một món cụ thể.,Một phương pháp rất khoa học mẹ nên thử. Theo dõi Ăn dặm mẹ Dâu ngay!,"Trong ăn dặm kiểu Nhật, mẹ Nhật luôn để riêng cháo, đạm và rau thay vì nấu chung một bát. Vì sao vậy? 👉 Follow Ăn dặm mẹ Dâu để cập nhật kiến thức nuôi con chuẩn khoa học!
#andammeDau #andam #nuoiconkhoahoc #mebimthongthai #chamsoccon","Tại Sao Người Nhật Tách Riêng Từng Món? 💡
Trong ăn dặm kiểu Nhật, mẹ Nhật luôn để riêng cháo, đạm và rau thay vì nấu chung một bát. Vì sao vậy?
Follow @andammeDau để không bỏ lỡ những kiến thức chăm con hữu ích mỗi ngày!
#andammeDau #andam #mebim #suckhoebe #nuoiconkhoahoc","Tại Sao Người Nhật Tách Riêng Từng Món? | Ăn dặm mẹ Dâu #Shorts
#Shorts #andammeDau #nuoiconkhoahoc #andam"
17,Sáng (07:00),Thực đơn & Chế biến,3 Món Cháo Phô Mai Thơm Bùi Cho Bé,Phô mai tách muối vừa thơm ngậy vừa bổ sung canxi dồi dào cho bé từ 7 tháng tuổi.,Món thứ nhất là cháo phô mai bí đỏ yến mạch. Món thứ hai là cháo cá hồi bông cải phô mai. Món thứ ba là cháo gà nấm hương phô mai béo ngậy.,Mẹ nhớ chọn loại phô mai hữu cơ tách muối chuyên dụng cho bé nhé. Follow Ăn dặm mẹ Dâu ngay!,"Phô mai tách muối vừa thơm ngậy vừa bổ sung canxi dồi dào cho bé từ 7 tháng tuổi. 👉 Follow Ăn dặm mẹ Dâu để nhận trọn bộ thực đơn dinh dưỡng chuẩn y khoa!
#andammeDau #andam #thucdonandam #monngonchobe #mevabe","3 Món Cháo Phô Mai Thơm Bùi Cho Bé 🥣
Phô mai tách muối vừa thơm ngậy vừa bổ sung canxi dồi dào cho bé từ 7 tháng tuổi.
Lưu lại và theo dõi @andammeDau để nhận công thức nấu ăn ngon cho bé mỗi ngày!
#andammeDau #andam #nuoiconkhoahoc #chamsoccon #thucdonchobe","3 Món Cháo Phô Mai Thơm Bùi Cho Bé | Ăn dặm mẹ Dâu #Shorts
#Shorts #andammeDau #andam #thucdonandam"
17,Tối (19:30),Khoa học & Kỹ năng,Lượng Phô Mai Cho Bé Ăn Bao Nhiêu Là Đủ?,Phô mai rất bổ nhưng ăn quá nhiều sẽ gây quá tải chất béo và khó tiêu cho hệ tiêu hóa của bé.,Định lượng thứ nhất: Bé 7 đến 8 tháng ăn khoảng 12 đến 14 gam một ngày. Định lượng thứ hai: Bé 9 đến 11 tháng ăn khoảng 14 đến 17 gam một ngày. Định lượng thứ ba: Mỗi tuần chỉ nên cho bé ăn từ 3 đến 4 bữa phô mai.,Ăn đúng lượng để con hấp thu tốt nhất mẹ nhé. Theo dõi Ăn dặm mẹ Dâu ngay!,"Phô mai rất bổ nhưng ăn quá nhiều sẽ gây quá tải chất béo và khó tiêu cho hệ tiêu hóa của bé. 👉 Follow Ăn dặm mẹ Dâu để cập nhật kiến thức nuôi con chuẩn khoa học!
#andammeDau #andam #nuoiconkhoahoc #mebimthongthai #chamsoccon","Lượng Phô Mai Cho Bé Ăn Bao Nhiêu Là Đủ? 💡
Phô mai rất bổ nhưng ăn quá nhiều sẽ gây quá tải chất béo và khó tiêu cho hệ tiêu hóa của bé.
Follow @andammeDau để không bỏ lỡ những kiến thức chăm con hữu ích mỗi ngày!
#andammeDau #andam #mebim #suckhoebe #nuoiconkhoahoc","Lượng Phô Mai Cho Bé Ăn Bao Nhiêu Là Đủ? | Ăn dặm mẹ Dâu #Shorts
#Shorts #andammeDau #nuoiconkhoahoc #andam"
18,Sáng (07:00),Thực đơn & Chế biến,Top 5 Trái Cây Tráng Miệng Tuyệt Vời,Hoa quả cung cấp vitamin C và chất xơ tự nhiên dồi dào giúp bé tăng đề kháng và nhuận tràng.,Loại thứ nhất là quả bơ béo ngậy giàu chất béo tốt. Loại thứ hai là chuối chín mềm dễ tiêu hóa. Loại thứ ba là thanh long đỏ nhuận tràng cực nhanh. Loại thứ tư là đu đủ chín ngọt dịu. Loại thứ năm là quả xoài chín ngọt lịm.,Cắt miếng vừa tay cầm hoặc nghiền nhuyễn cho bé nhé. Follow Ăn dặm mẹ Dâu ngay!,"Hoa quả cung cấp vitamin C và chất xơ tự nhiên dồi dào giúp bé tăng đề kháng và nhuận tràng. 👉 Follow Ăn dặm mẹ Dâu để nhận trọn bộ thực đơn dinh dưỡng chuẩn y khoa!
#andammeDau #andam #thucdonandam #monngonchobe #mevabe","Top 5 Trái Cây Tráng Miệng Tuyệt Vời 🥣
Hoa quả cung cấp vitamin C và chất xơ tự nhiên dồi dào giúp bé tăng đề kháng và nhuận tràng.
Lưu lại và theo dõi @andammeDau để nhận công thức nấu ăn ngon cho bé mỗi ngày!
#andammeDau #andam #nuoiconkhoahoc #chamsoccon #thucdonchobe","Top 5 Trái Cây Tráng Miệng Tuyệt Vời | Ăn dặm mẹ Dâu #Shorts
#Shorts #andammeDau #andam #thucdonandam"
18,Tối (19:30),Khoa học & Kỹ năng,Cắt Hoa Quả Chống Hóc Cho Trẻ,"Nho, dâu tây và táo là những loại quả dễ gây hóc đường thở nhất nếu mẹ cắt sai cách!","Quy tắc thứ nhất: Nho và cà chua bi phải bổ dọc làm 4 phần, tuyệt đối không để nguyên quả tròn. Quy tắc thứ hai: Táo và lê cứng phải hấp chín mềm hoặc nạo mỏng. Quy tắc thứ ba: Không bao giờ cho bé ăn thạch tròn hay kẹo dẻo.",An toàn cho con là ưu tiên số một. Bấm theo dõi Ăn dặm mẹ Dâu ngay!,"Nho, dâu tây và táo là những loại quả dễ gây hóc đường thở nhất nếu mẹ cắt sai cách! 👉 Follow Ăn dặm mẹ Dâu để cập nhật kiến thức nuôi con chuẩn khoa học!
#andammeDau #andam #nuoiconkhoahoc #mebimthongthai #chamsoccon","Cắt Hoa Quả Chống Hóc Cho Trẻ 💡
Nho, dâu tây và táo là những loại quả dễ gây hóc đường thở nhất nếu mẹ cắt sai cách!
Follow @andammeDau để không bỏ lỡ những kiến thức chăm con hữu ích mỗi ngày!
#andammeDau #andam #mebim #suckhoebe #nuoiconkhoahoc","Cắt Hoa Quả Chống Hóc Cho Trẻ | Ăn dặm mẹ Dâu #Shorts
#Shorts #andammeDau #nuoiconkhoahoc #andam"
19,Sáng (07:00),Thực đơn & Chế biến,Làm Viên Thịt Rau Củ Trữ Đông Ăn Cả Tuần,"Mẹ bận rộn làm ngay món viên thịt rau củ này: làm một lần ăn cả tuần, nấu cháo siêu nhanh.","Bước thứ nhất: Xay nhuyễn thịt lợn nạc cùng cà rốt, nấm hương và cải bó xôi. Bước thứ hai: Viên thành từng viên tròn nhỏ vừa miệng bé. Bước thứ ba: Hấp chín sơ rồi xếp vào hộp trữ đông từng viên riêng biệt.",Mỗi bữa chỉ cần thả 2 viên vào cháo là xong. Follow Ăn dặm mẹ Dâu ngay!,"Mẹ bận rộn làm ngay món viên thịt rau củ này: làm một lần ăn cả tuần, nấu cháo siêu nhanh. 👉 Follow Ăn dặm mẹ Dâu để nhận trọn bộ thực đơn dinh dưỡng chuẩn y khoa!
#andammeDau #andam #thucdonandam #monngonchobe #mevabe","Làm Viên Thịt Rau Củ Trữ Đông Ăn Cả Tuần 🥣
Mẹ bận rộn làm ngay món viên thịt rau củ này: làm một lần ăn cả tuần, nấu cháo siêu nhanh.
Lưu lại và theo dõi @andammeDau để nhận công thức nấu ăn ngon cho bé mỗi ngày!
#andammeDau #andam #nuoiconkhoahoc #chamsoccon #thucdonchobe","Làm Viên Thịt Rau Củ Trữ Đông Ăn Cả Tuần | Ăn dặm mẹ Dâu #Shorts
#Shorts #andammeDau #andam #thucdonandam"
19,Tối (19:30),Khoa học & Kỹ năng,Dụng Cụ Ăn Dặm Cần Thiết Cho Mẹ Bỉm,"Đừng lãng phí tiền mua quá nhiều đồ dùng ăn dặm không cần thiết, mẹ chỉ cần chuẩn bị 4 món này.",Món thứ nhất: Ghế ăn dặm có đai an toàn giúp con ngồi đúng tư thế. Món thứ hai: Thìa silicon mềm bảo vệ nướu lợi non nớt. Món thứ ba: Yếm máng hứng thức ăn rơi vãi. Món thứ tư: Nồi nấu cháo chậm giúp cháo nhừ tơi giữ trọn vitamin.,Mua đúng và đủ giúp mẹ tiết kiệm rất nhiều. Theo dõi Ăn dặm mẹ Dâu ngay!,"Đừng lãng phí tiền mua quá nhiều đồ dùng ăn dặm không cần thiết, mẹ chỉ cần chuẩn bị 4 món này. 👉 Follow Ăn dặm mẹ Dâu để cập nhật kiến thức nuôi con chuẩn khoa học!
#andammeDau #andam #nuoiconkhoahoc #mebimthongthai #chamsoccon","Dụng Cụ Ăn Dặm Cần Thiết Cho Mẹ Bỉm 💡
Đừng lãng phí tiền mua quá nhiều đồ dùng ăn dặm không cần thiết, mẹ chỉ cần chuẩn bị 4 món này.
Follow @andammeDau để không bỏ lỡ những kiến thức chăm con hữu ích mỗi ngày!
#andammeDau #andam #mebim #suckhoebe #nuoiconkhoahoc","Dụng Cụ Ăn Dặm Cần Thiết Cho Mẹ Bỉm | Ăn dặm mẹ Dâu #Shorts
#Shorts #andammeDau #nuoiconkhoahoc #andam"
20,Sáng (07:00),Thực đơn & Chế biến,3 Món Cháo Giải Cảm Ấm Bụng Cho Bé,"Thời tiết giao mùa bé dễ sụt sịt ho sốt, mẹ nấu ngay 3 món cháo ấm bụng tăng đề kháng này nhé.",Món thứ nhất là cháo thịt băm tía tô giải cảm cực tốt. Món thứ hai là cháo gà hạt sen hành tăm ấm họng. Món thứ ba là súp bí đỏ củ sen dịu nhẹ dễ nuốt.,Chia nhỏ bữa ăn khi con mệt mẹ nhé. Bấm theo dõi Ăn dặm mẹ Dâu để chăm con khỏe mạnh!,"Thời tiết giao mùa bé dễ sụt sịt ho sốt, mẹ nấu ngay 3 món cháo ấm bụng tăng đề kháng này nhé. 👉 Follow Ăn dặm mẹ Dâu để nhận trọn bộ thực đơn dinh dưỡng chuẩn y khoa!
#andammeDau #andam #thucdonandam #monngonchobe #mevabe","3 Món Cháo Giải Cảm Ấm Bụng Cho Bé 🥣
Thời tiết giao mùa bé dễ sụt sịt ho sốt, mẹ nấu ngay 3 món cháo ấm bụng tăng đề kháng này nhé.
Lưu lại và theo dõi @andammeDau để nhận công thức nấu ăn ngon cho bé mỗi ngày!
#andammeDau #andam #nuoiconkhoahoc #chamsoccon #thucdonchobe","3 Món Cháo Giải Cảm Ấm Bụng Cho Bé | Ăn dặm mẹ Dâu #Shorts
#Shorts #andammeDau #andam #thucdonandam"
20,Tối (19:30),Khoa học & Kỹ năng,Bổ Sung Kẽm Và Vitamin C Tự Nhiên,Kẽm và Vitamin C là bộ đôi vàng giúp kích thích vị giác và tăng cường hệ miễn dịch cho trẻ.,"Nguồn thứ nhất: Kẽm có dồi dào trong thịt bò, lòng đỏ trứng và đậu gà. Nguồn thứ hai: Vitamin C có nhiều trong ớt chuông, bông cải xanh, kiwi và đu đủ. Nguồn thứ ba: Kết hợp 2 nhóm chất này giúp bé ăn ngon miệng và ít ốm vặt.",Ăn uống đa dạng là cách bổ sung tốt nhất. Follow Ăn dặm mẹ Dâu ngay!,"Kẽm và Vitamin C là bộ đôi vàng giúp kích thích vị giác và tăng cường hệ miễn dịch cho trẻ. 👉 Follow Ăn dặm mẹ Dâu để cập nhật kiến thức nuôi con chuẩn khoa học!
#andammeDau #andam #nuoiconkhoahoc #mebimthongthai #chamsoccon","Bổ Sung Kẽm Và Vitamin C Tự Nhiên 💡
Kẽm và Vitamin C là bộ đôi vàng giúp kích thích vị giác và tăng cường hệ miễn dịch cho trẻ.
Follow @andammeDau để không bỏ lỡ những kiến thức chăm con hữu ích mỗi ngày!
#andammeDau #andam #mebim #suckhoebe #nuoiconkhoahoc","Bổ Sung Kẽm Và Vitamin C Tự Nhiên | Ăn dặm mẹ Dâu #Shorts
#Shorts #andammeDau #nuoiconkhoahoc #andam"
21,Sáng (07:00),Thực đơn & Chế biến,Uống D3K2 Thế Nào Để Hấp Thu Tối Đa?,"Bổ sung Vitamin D3K2 mỗi ngày giúp bé hấp thu canxi phát triển chiều cao, nhưng uống lúc nào là chuẩn nhất?",Thời điểm thứ nhất: Uống vào buổi sáng trong hoặc ngay sau bữa ăn có chất béo. Thời điểm thứ hai: Liều lượng chuẩn là 400 IU mỗi ngày cho trẻ dưới 1 tuổi. Thời điểm thứ ba: Nhỏ trực tiếp vào miệng hoặc vào thìa nhỏ của con.,Đúng liều và đúng giờ mẹ nhé. Theo dõi Ăn dặm mẹ Dâu để cập nhật kiến thức chuẩn!,"Bổ sung Vitamin D3K2 mỗi ngày giúp bé hấp thu canxi phát triển chiều cao, nhưng uống lúc nào là chuẩn nhất? 👉 Follow Ăn dặm mẹ Dâu để nhận trọn bộ thực đơn dinh dưỡng chuẩn y khoa!
#andammeDau #andam #thucdonandam #monngonchobe #mevabe","Uống D3K2 Thế Nào Để Hấp Thu Tối Đa? 🥣
Bổ sung Vitamin D3K2 mỗi ngày giúp bé hấp thu canxi phát triển chiều cao, nhưng uống lúc nào là chuẩn nhất?
Lưu lại và theo dõi @andammeDau để nhận công thức nấu ăn ngon cho bé mỗi ngày!
#andammeDau #andam #nuoiconkhoahoc #chamsoccon #thucdonchobe","Uống D3K2 Thế Nào Để Hấp Thu Tối Đa? | Ăn dặm mẹ Dâu #Shorts
#Shorts #andammeDau #andam #thucdonandam"
21,Tối (19:30),Khoa học & Kỹ năng,Cảnh Báo Tự Ý Cho Bé Uống Canxi Liều Cao,"Thấy con chậm mọc răng hay trằn trọc, nhiều mẹ tự ý mua canxi cho con uống, điều này cực kỳ nguy hại!",Tác hại thứ nhất: Thừa canxi gây táo bón và sỏi thận ở trẻ nhỏ. Tác hại thứ hai: Gây vôi hóa sớm làm hạn chế phát triển chiều cao. Tác hại thứ ba: Trẻ dưới 1 tuổi uống đủ sữa mẹ hoặc sữa công thức đã đáp ứng đủ canxi.,Chỉ bổ sung canxi khi có chỉ định xét nghiệm của bác sĩ mẹ nhé. Follow Ăn dặm mẹ Dâu ngay!,"Thấy con chậm mọc răng hay trằn trọc, nhiều mẹ tự ý mua canxi cho con uống, điều này cực kỳ nguy hại! 👉 Follow Ăn dặm mẹ Dâu để cập nhật kiến thức nuôi con chuẩn khoa học!
#andammeDau #andam #nuoiconkhoahoc #mebimthongthai #chamsoccon","Cảnh Báo Tự Ý Cho Bé Uống Canxi Liều Cao 💡
Thấy con chậm mọc răng hay trằn trọc, nhiều mẹ tự ý mua canxi cho con uống, điều này cực kỳ nguy hại!
Follow @andammeDau để không bỏ lỡ những kiến thức chăm con hữu ích mỗi ngày!
#andammeDau #andam #mebim #suckhoebe #nuoiconkhoahoc","Cảnh Báo Tự Ý Cho Bé Uống Canxi Liều Cao | Ăn dặm mẹ Dâu #Shorts
#Shorts #andammeDau #nuoiconkhoahoc #andam"
22,Sáng (07:00),Thực đơn & Chế biến,Nấu Cơm Nát Cho Bé Tròn 1 Tuổi,Bé tròn 1 tuổi bước sang giai đoạn tập ăn cơm nát. Mẹ nấu bằng nồi cơm điện siêu dễ theo cách này nhé.,"Bước thứ nhất: Cho gạo và nước tỷ lệ 1:3 vào một chiếc bát sứ nhỏ. Bước thứ hai: Đặt bát sứ vào giữa nồi cơm của cả gia đình và bật nấu bình thường. Bước thứ ba: Khi chín, cơm trong bát sẽ mềm dẻo tơi xốp cực kỳ vừa miệng bé.",Tiện lợi cho mẹ và thơm ngon cho con. Bấm theo dõi Ăn dặm mẹ Dâu ngay!,"Bé tròn 1 tuổi bước sang giai đoạn tập ăn cơm nát. Mẹ nấu bằng nồi cơm điện siêu dễ theo cách này nhé. 👉 Follow Ăn dặm mẹ Dâu để nhận trọn bộ thực đơn dinh dưỡng chuẩn y khoa!
#andammeDau #andam #thucdonandam #monngonchobe #mevabe","Nấu Cơm Nát Cho Bé Tròn 1 Tuổi 🥣
Bé tròn 1 tuổi bước sang giai đoạn tập ăn cơm nát. Mẹ nấu bằng nồi cơm điện siêu dễ theo cách này nhé.
Lưu lại và theo dõi @andammeDau để nhận công thức nấu ăn ngon cho bé mỗi ngày!
#andammeDau #andam #nuoiconkhoahoc #chamsoccon #thucdonchobe","Nấu Cơm Nát Cho Bé Tròn 1 Tuổi | Ăn dặm mẹ Dâu #Shorts
#Shorts #andammeDau #andam #thucdonandam"
22,Tối (19:30),Khoa học & Kỹ năng,Bé 1 Tuổi Đã Nêm Được Gia Vị Chưa?,Bé tròn 1 tuổi đã bắt đầu nêm được gia vị nhưng mẹ phải tuân thủ nghiêm ngặt lượng tối đa cho phép.,"Quy tắc thứ nhất: Lượng muối tối đa dưới 2 gam một ngày, tương đương một nửa thìa cà phê nhỏ. Quy tắc thứ hai: Ưu tiên dùng nước mắm nhĩ truyền thống hoặc bột nêm rau củ tự nhiên. Quy tắc thứ ba: Vẫn duy trì khẩu vị thanh nhẹ, không nêm mặn như người lớn.",Bảo vệ thận và sức khỏe lâu dài cho con mẹ nhé. Follow Ăn dặm mẹ Dâu ngay!,"Bé tròn 1 tuổi đã bắt đầu nêm được gia vị nhưng mẹ phải tuân thủ nghiêm ngặt lượng tối đa cho phép. 👉 Follow Ăn dặm mẹ Dâu để cập nhật kiến thức nuôi con chuẩn khoa học!
#andammeDau #andam #nuoiconkhoahoc #mebimthongthai #chamsoccon","Bé 1 Tuổi Đã Nêm Được Gia Vị Chưa? 💡
Bé tròn 1 tuổi đã bắt đầu nêm được gia vị nhưng mẹ phải tuân thủ nghiêm ngặt lượng tối đa cho phép.
Follow @andammeDau để không bỏ lỡ những kiến thức chăm con hữu ích mỗi ngày!
#andammeDau #andam #mebim #suckhoebe #nuoiconkhoahoc","Bé 1 Tuổi Đã Nêm Được Gia Vị Chưa? | Ăn dặm mẹ Dâu #Shorts
#Shorts #andammeDau #nuoiconkhoahoc #andam"
23,Sáng (07:00),Thực đơn & Chế biến,3 Món Canh Thanh Mát Tập Cho Bé Dùng Thìa,Tập cho bé 1 tuổi kỹ năng tự xúc thìa với 3 món canh rau củ thanh ngọt dễ xúc này nhé.,Món thứ nhất là canh bí đỏ thịt băm mềm ngọt. Món thứ hai là canh mồng tơi nấu tôm đồng thanh mát. Món thứ ba là súp trứng gà cà chua sánh mịn.,Khen ngợi và khích lệ con tự lập mỗi ngày mẹ nhé. Theo dõi Ăn dặm mẹ Dâu ngay!,"Tập cho bé 1 tuổi kỹ năng tự xúc thìa với 3 món canh rau củ thanh ngọt dễ xúc này nhé. 👉 Follow Ăn dặm mẹ Dâu để nhận trọn bộ thực đơn dinh dưỡng chuẩn y khoa!
#andammeDau #andam #thucdonandam #monngonchobe #mevabe","3 Món Canh Thanh Mát Tập Cho Bé Dùng Thìa 🥣
Tập cho bé 1 tuổi kỹ năng tự xúc thìa với 3 món canh rau củ thanh ngọt dễ xúc này nhé.
Lưu lại và theo dõi @andammeDau để nhận công thức nấu ăn ngon cho bé mỗi ngày!
#andammeDau #andam #nuoiconkhoahoc #chamsoccon #thucdonchobe","3 Món Canh Thanh Mát Tập Cho Bé Dùng Thìa | Ăn dặm mẹ Dâu #Shorts
#Shorts #andammeDau #andam #thucdonandam"
23,Tối (19:30),Khoa học & Kỹ năng,Các Giai Đoạn Bé Tập Cầm Thìa Tự Ăn,"Hành trình tập dùng thìa của con trải qua 3 giai đoạn thú vị, mẹ kiên nhẫn đồng hành cùng con nhé.",Giai đoạn 1 từ 9 tháng: Bé cầm thìa nghịch và gõ vào bát. Giai đoạn 2 từ 11 đến 12 tháng: Bé biết xúc thức ăn nhưng hay làm rơi vãi. Giai đoạn 3 từ 14 tháng trở lên: Bé xúc thuần thục và đưa thẳng vào miệng.,Đừng cáu gắt khi con làm bẩn sàn nhà mẹ nha. Follow Ăn dặm mẹ Dâu ngay!,"Hành trình tập dùng thìa của con trải qua 3 giai đoạn thú vị, mẹ kiên nhẫn đồng hành cùng con nhé. 👉 Follow Ăn dặm mẹ Dâu để cập nhật kiến thức nuôi con chuẩn khoa học!
#andammeDau #andam #nuoiconkhoahoc #mebimthongthai #chamsoccon","Các Giai Đoạn Bé Tập Cầm Thìa Tự Ăn 💡
Hành trình tập dùng thìa của con trải qua 3 giai đoạn thú vị, mẹ kiên nhẫn đồng hành cùng con nhé.
Follow @andammeDau để không bỏ lỡ những kiến thức chăm con hữu ích mỗi ngày!
#andammeDau #andam #mebim #suckhoebe #nuoiconkhoahoc","Các Giai Đoạn Bé Tập Cầm Thìa Tự Ăn | Ăn dặm mẹ Dâu #Shorts
#Shorts #andammeDau #nuoiconkhoahoc #andam"
24,Sáng (07:00),Thực đơn & Chế biến,Nấu Sữa Bắp Hạt Sen Sánh Mịn Không Đường,Một ly sữa bắp hạt sen ấm nóng thơm lừng cho bữa phụ chiều giúp bé ngủ sâu giấc.,Bước thứ nhất: Tách hạt bắp ngọt và hạt sen tươi rửa sạch. Bước thứ hai: Xay nhuyễn cùng nước ấm rồi lọc bỏ bã qua rây. Bước thứ ba: Đun nhỏ lửa khuấy đều tay trong 15 phút cho sữa sánh mịn thơm ngậy.,Ngọt lành tự nhiên không cần thêm đường. Bấm theo dõi Ăn dặm mẹ Dâu ngay!,"Một ly sữa bắp hạt sen ấm nóng thơm lừng cho bữa phụ chiều giúp bé ngủ sâu giấc. 👉 Follow Ăn dặm mẹ Dâu để nhận trọn bộ thực đơn dinh dưỡng chuẩn y khoa!
#andammeDau #andam #thucdonandam #monngonchobe #mevabe","Nấu Sữa Bắp Hạt Sen Sánh Mịn Không Đường 🥣
Một ly sữa bắp hạt sen ấm nóng thơm lừng cho bữa phụ chiều giúp bé ngủ sâu giấc.
Lưu lại và theo dõi @andammeDau để nhận công thức nấu ăn ngon cho bé mỗi ngày!
#andammeDau #andam #nuoiconkhoahoc #chamsoccon #thucdonchobe","Nấu Sữa Bắp Hạt Sen Sánh Mịn Không Đường | Ăn dặm mẹ Dâu #Shorts
#Shorts #andammeDau #andam #thucdonandam"
24,Tối (19:30),Khoa học & Kỹ năng,Lượng Nước Cần Bổ Sung Cho Bé Mỗi Ngày,Bé ăn dặm cần uống bao nhiêu nước mỗi ngày để không bị táo bón? Mẹ tính theo công thức chuẩn này nhé.,Công thức 1 cho bé 6 đến 12 tháng: Uống khoảng 100 đến 200ml nước lọc mỗi ngày sau bữa ăn. Công thức 2 cho bé trên 1 tuổi: Lượng nước bằng 100ml nhân với số kilogam cân nặng của bé. Công thức 3: Quan sát nước tiểu của con có màu vàng nhạt là đủ nước.,Nhắc con uống từng ngụm nhỏ trong ngày mẹ nhé. Follow Ăn dặm mẹ Dâu ngay!,"Bé ăn dặm cần uống bao nhiêu nước mỗi ngày để không bị táo bón? Mẹ tính theo công thức chuẩn này nhé. 👉 Follow Ăn dặm mẹ Dâu để cập nhật kiến thức nuôi con chuẩn khoa học!
#andammeDau #andam #nuoiconkhoahoc #mebimthongthai #chamsoccon","Lượng Nước Cần Bổ Sung Cho Bé Mỗi Ngày 💡
Bé ăn dặm cần uống bao nhiêu nước mỗi ngày để không bị táo bón? Mẹ tính theo công thức chuẩn này nhé.
Follow @andammeDau để không bỏ lỡ những kiến thức chăm con hữu ích mỗi ngày!
#andammeDau #andam #mebim #suckhoebe #nuoiconkhoahoc","Lượng Nước Cần Bổ Sung Cho Bé Mỗi Ngày | Ăn dặm mẹ Dâu #Shorts
#Shorts #andammeDau #nuoiconkhoahoc #andam"
25,Sáng (07:00),Thực đơn & Chế biến,Làm Món Xào Mềm Ngọt Cho Bé Mới Tập Nhai,"Làm món xào cho bé tập nhai không bị dai hay ngấy mỡ, mẹ áp dụng ngay kỹ thuật xào nước dashi này.",Kỹ thuật thứ nhất: Cắt thịt và rau củ thành lát mỏng vừa miệng. Kỹ thuật thứ hai: Xào chín thịt bằng vài thìa nước dùng dashi trước. Kỹ thuật thứ ba: Khi thức ăn chín mềm mới cho 1 thìa cà phê dầu ăn vào đảo đều và tắt bếp.,Thức ăn bóng đẹp mềm mọng bé nhai cực dễ. Theo dõi Ăn dặm mẹ Dâu ngay!,"Làm món xào cho bé tập nhai không bị dai hay ngấy mỡ, mẹ áp dụng ngay kỹ thuật xào nước dashi này. 👉 Follow Ăn dặm mẹ Dâu để nhận trọn bộ thực đơn dinh dưỡng chuẩn y khoa!
#andammeDau #andam #thucdonandam #monngonchobe #mevabe","Làm Món Xào Mềm Ngọt Cho Bé Mới Tập Nhai 🥣
Làm món xào cho bé tập nhai không bị dai hay ngấy mỡ, mẹ áp dụng ngay kỹ thuật xào nước dashi này.
Lưu lại và theo dõi @andammeDau để nhận công thức nấu ăn ngon cho bé mỗi ngày!
#andammeDau #andam #nuoiconkhoahoc #chamsoccon #thucdonchobe","Làm Món Xào Mềm Ngọt Cho Bé Mới Tập Nhai | Ăn dặm mẹ Dâu #Shorts
#Shorts #andammeDau #andam #thucdonandam"
25,Tối (19:30),Khoa học & Kỹ năng,3 Mẹo Giúp Bé Thích Ăn Rau Xanh,Con cứ thấy rau là nhè ra? Mẹ áp dụng ngay 3 tuyệt chiêu giúp con hào hứng ăn rau xanh từ nhỏ.,"Tuyệt chiêu thứ nhất: Cắt tỉa rau củ thành hình ngôi sao, bông hoa bắt mắt. Tuyệt chiêu thứ hai: Trộn rau củ nghiền vào các món con thích như trứng cuộn hay bánh pancake. Tuyệt chiêu thứ ba: Bố mẹ làm gương hào hứng ăn rau cùng con trên bàn ăn.",Kiên nhẫn giới thiệu nhiều lần mẹ nhé. Bấm theo dõi Ăn dặm mẹ Dâu ngay!,"Con cứ thấy rau là nhè ra? Mẹ áp dụng ngay 3 tuyệt chiêu giúp con hào hứng ăn rau xanh từ nhỏ. 👉 Follow Ăn dặm mẹ Dâu để cập nhật kiến thức nuôi con chuẩn khoa học!
#andammeDau #andam #nuoiconkhoahoc #mebimthongthai #chamsoccon","3 Mẹo Giúp Bé Thích Ăn Rau Xanh 💡
Con cứ thấy rau là nhè ra? Mẹ áp dụng ngay 3 tuyệt chiêu giúp con hào hứng ăn rau xanh từ nhỏ.
Follow @andammeDau để không bỏ lỡ những kiến thức chăm con hữu ích mỗi ngày!
#andammeDau #andam #mebim #suckhoebe #nuoiconkhoahoc","3 Mẹo Giúp Bé Thích Ăn Rau Xanh | Ăn dặm mẹ Dâu #Shorts
#Shorts #andammeDau #nuoiconkhoahoc #andam"
26,Sáng (07:00),Thực đơn & Chế biến,Tự Làm Bột Nêm Rau Củ Tại Nhà,"Tự làm bột nêm rau củ nấm thơm ngọt an toàn tại nhà cho bé, không lo phụ gia hóa chất.","Bước thứ nhất: Cắt nhỏ cà rốt, nấm hương, hành tây, bí đỏ và củ cải trắng. Bước thứ hai: Sấy khô giòn trong nồi chiên không dầu hoặc máy sấy thực phẩm. Bước thứ ba: Xay mịn thành bột và bảo quản trong hũ thủy tinh kín.",Nêm vào canh cháo thơm lừng vị ngọt tự nhiên. Follow Ăn dặm mẹ Dâu ngay!,"Tự làm bột nêm rau củ nấm thơm ngọt an toàn tại nhà cho bé, không lo phụ gia hóa chất. 👉 Follow Ăn dặm mẹ Dâu để nhận trọn bộ thực đơn dinh dưỡng chuẩn y khoa!
#andammeDau #andam #thucdonandam #monngonchobe #mevabe","Tự Làm Bột Nêm Rau Củ Tại Nhà 🥣
Tự làm bột nêm rau củ nấm thơm ngọt an toàn tại nhà cho bé, không lo phụ gia hóa chất.
Lưu lại và theo dõi @andammeDau để nhận công thức nấu ăn ngon cho bé mỗi ngày!
#andammeDau #andam #nuoiconkhoahoc #chamsoccon #thucdonchobe","Tự Làm Bột Nêm Rau Củ Tại Nhà | Ăn dặm mẹ Dâu #Shorts
#Shorts #andammeDau #andam #thucdonandam"
26,Tối (19:30),Khoa học & Kỹ năng,Tập Cho Con Ăn Đa Dạng Mùi Vị,"Nhiều mẹ sợ bé không ăn được rau thơm hay tỏi, nhưng tập cho con làm quen sớm mang lại lợi ích tuyệt vời.",Lợi ích thứ nhất: Kích thích phát triển hoàn thiện các gai vị giác của bé. Lợi ích thứ hai: Giúp con cởi mở với ẩm thực và không kén ăn khi lớn lên. Lợi ích thứ ba: Thêm chút hành ngò thì là giúp món ăn hấp dẫn hơn.,Bắt đầu từ lượng rất nhỏ mẹ nhé. Theo dõi Ăn dặm mẹ Dâu ngay!,"Nhiều mẹ sợ bé không ăn được rau thơm hay tỏi, nhưng tập cho con làm quen sớm mang lại lợi ích tuyệt vời. 👉 Follow Ăn dặm mẹ Dâu để cập nhật kiến thức nuôi con chuẩn khoa học!
#andammeDau #andam #nuoiconkhoahoc #mebimthongthai #chamsoccon","Tập Cho Con Ăn Đa Dạng Mùi Vị 💡
Nhiều mẹ sợ bé không ăn được rau thơm hay tỏi, nhưng tập cho con làm quen sớm mang lại lợi ích tuyệt vời.
Follow @andammeDau để không bỏ lỡ những kiến thức chăm con hữu ích mỗi ngày!
#andammeDau #andam #mebim #suckhoebe #nuoiconkhoahoc","Tập Cho Con Ăn Đa Dạng Mùi Vị | Ăn dặm mẹ Dâu #Shorts
#Shorts #andammeDau #nuoiconkhoahoc #andam"
27,Sáng (07:00),Thực đơn & Chế biến,Bánh Sinh Nhật Pancake Chuối Yến Mạch,"Tự tay làm bánh sinh nhật mừng thôi nôi tròn 1 tuổi cho con: thơm ngon, đẹp mắt và hoàn toàn không đường.",Bước thứ nhất: Xay chuối chín cùng yến mạch và lòng đỏ trứng gà thành hỗn hợp sệt. Bước thứ hai: Rán áp chảo từng lớp bánh nhỏ mềm xốp. Bước thứ ba: Xếp chồng các lớp bánh và trang trí bằng sữa chua trắng cùng dâu tây tươi.,Chiếc bánh xinh xắn và an toàn cho bé yêu. Bấm theo dõi Ăn dặm mẹ Dâu ngay!,"Tự tay làm bánh sinh nhật mừng thôi nôi tròn 1 tuổi cho con: thơm ngon, đẹp mắt và hoàn toàn không đường. 👉 Follow Ăn dặm mẹ Dâu để nhận trọn bộ thực đơn dinh dưỡng chuẩn y khoa!
#andammeDau #andam #thucdonandam #monngonchobe #mevabe","Bánh Sinh Nhật Pancake Chuối Yến Mạch 🥣
Tự tay làm bánh sinh nhật mừng thôi nôi tròn 1 tuổi cho con: thơm ngon, đẹp mắt và hoàn toàn không đường.
Lưu lại và theo dõi @andammeDau để nhận công thức nấu ăn ngon cho bé mỗi ngày!
#andammeDau #andam #nuoiconkhoahoc #chamsoccon #thucdonchobe","Bánh Sinh Nhật Pancake Chuối Yến Mạch | Ăn dặm mẹ Dâu #Shorts
#Shorts #andammeDau #andam #thucdonandam"
27,Tối (19:30),Khoa học & Kỹ năng,Nhìn Lại Hành Trình 6 Tháng Ăn Dặm,"Tròn 6 tháng ăn dặm đầu đời, con đã học được bao nhiêu kỹ năng tuyệt vời cùng mẹ Dâu?",Kỹ năng 1: Từ nuốt cháo loãng đến nhai thuần thục cơm nát. Kỹ năng 2: Khám phá hàng trăm mùi vị và màu sắc của thực phẩm tự nhiên. Kỹ năng 3: Tự lập cầm thìa và tận hưởng niềm vui trong mỗi bữa ăn gia đình.,Chúc mừng con yêu đã tốt nghiệp xuất sắc. Cảm ơn mẹ đã đồng hành cùng Ăn dặm mẹ Dâu!,"Tròn 6 tháng ăn dặm đầu đời, con đã học được bao nhiêu kỹ năng tuyệt vời cùng mẹ Dâu? 👉 Follow Ăn dặm mẹ Dâu để cập nhật kiến thức nuôi con chuẩn khoa học!
#andammeDau #andam #nuoiconkhoahoc #mebimthongthai #chamsoccon","Nhìn Lại Hành Trình 6 Tháng Ăn Dặm 💡
Tròn 6 tháng ăn dặm đầu đời, con đã học được bao nhiêu kỹ năng tuyệt vời cùng mẹ Dâu?
Follow @andammeDau để không bỏ lỡ những kiến thức chăm con hữu ích mỗi ngày!
#andammeDau #andam #mebim #suckhoebe #nuoiconkhoahoc","Nhìn Lại Hành Trình 6 Tháng Ăn Dặm | Ăn dặm mẹ Dâu #Shorts
#Shorts #andammeDau #nuoiconkhoahoc #andam"
28,Sáng (07:00),Thực đơn & Chế biến,3 Câu Không Nên Nói Trong Bữa Ăn Của Con,Những lời nói vô tình của người lớn trong bữa ăn có thể tạo ra áp lực tâm lý khiến con sợ ăn!,"Câu thứ nhất: Ăn nhanh lên không mẹ phạt! Câu thứ hai: Nhìn bạn kia kìa, bạn ăn giỏi chưa! Câu thứ ba: Ráng ăn hết bát này mẹ cho xem điện thoại!",Hãy để bữa ăn ngập tràn niềm vui và sự tôn trọng mẹ nhé. Follow Ăn dặm mẹ Dâu ngay!,"Những lời nói vô tình của người lớn trong bữa ăn có thể tạo ra áp lực tâm lý khiến con sợ ăn! 👉 Follow Ăn dặm mẹ Dâu để nhận trọn bộ thực đơn dinh dưỡng chuẩn y khoa!
#andammeDau #andam #thucdonandam #monngonchobe #mevabe","3 Câu Không Nên Nói Trong Bữa Ăn Của Con 🥣
Những lời nói vô tình của người lớn trong bữa ăn có thể tạo ra áp lực tâm lý khiến con sợ ăn!
Lưu lại và theo dõi @andammeDau để nhận công thức nấu ăn ngon cho bé mỗi ngày!
#andammeDau #andam #nuoiconkhoahoc #chamsoccon #thucdonchobe","3 Câu Không Nên Nói Trong Bữa Ăn Của Con | Ăn dặm mẹ Dâu #Shorts
#Shorts #andammeDau #andam #thucdonandam"
28,Tối (19:30),Khoa học & Kỹ năng,Cai Ngậm Thức Ăn Bằng 4 Bước Đơn Giản,Bé có thói quen ngậm thức ăn trong miệng không chịu nuốt? Mẹ xử lý dứt điểm theo 4 bước này.,Bước thứ nhất: Kiểm tra lại độ thô xem thức ăn có bị quá dai hay quá cứng so với hàm của bé không. Bước thứ hai: Đổi món ăn dạng cầm nắm hoặc món xào thay vì chỉ cho ăn cháo. Bước thứ ba: Làm mẫu nhai nuốt thật phóng đại trước mặt con. Bước thứ tư: Dọn bữa sau 30 phút.,Kiên trì vài ngày là con bỏ thói quen ngậm ngay. Theo dõi Ăn dặm mẹ Dâu nhé!,"Bé có thói quen ngậm thức ăn trong miệng không chịu nuốt? Mẹ xử lý dứt điểm theo 4 bước này. 👉 Follow Ăn dặm mẹ Dâu để cập nhật kiến thức nuôi con chuẩn khoa học!
#andammeDau #andam #nuoiconkhoahoc #mebimthongthai #chamsoccon","Cai Ngậm Thức Ăn Bằng 4 Bước Đơn Giản 💡
Bé có thói quen ngậm thức ăn trong miệng không chịu nuốt? Mẹ xử lý dứt điểm theo 4 bước này.
Follow @andammeDau để không bỏ lỡ những kiến thức chăm con hữu ích mỗi ngày!
#andammeDau #andam #mebim #suckhoebe #nuoiconkhoahoc","Cai Ngậm Thức Ăn Bằng 4 Bước Đơn Giản | Ăn dặm mẹ Dâu #Shorts
#Shorts #andammeDau #nuoiconkhoahoc #andam"
29,Sáng (07:00),Thực đơn & Chế biến,Chuẩn Bị Đồ Ăn Dặm Khi Đi Du Lịch,"Gia đình đi chơi xa hoặc về quê, mẹ chuẩn bị đồ ăn dặm tiện lợi gọn nhẹ theo danh sách này nhé.",Món thứ nhất: Cháo tươi đóng gói tiệt trùng tiện lợi không chất bảo quản. Món thứ hai: Bột ngũ cốc yến mạch chỉ cần pha nước ấm. Món thứ ba: Hộp trái cây mềm gọt sẵn bỏ túi giữ nhiệt. Món thứ tư: Bình ủ cháo giữ nhiệt mang theo bên mình.,Mẹ nhàn tênh con vẫn ăn ngon miệng trên mọi nẻo đường. Follow Ăn dặm mẹ Dâu ngay!,"Gia đình đi chơi xa hoặc về quê, mẹ chuẩn bị đồ ăn dặm tiện lợi gọn nhẹ theo danh sách này nhé. 👉 Follow Ăn dặm mẹ Dâu để nhận trọn bộ thực đơn dinh dưỡng chuẩn y khoa!
#andammeDau #andam #thucdonandam #monngonchobe #mevabe","Chuẩn Bị Đồ Ăn Dặm Khi Đi Du Lịch 🥣
Gia đình đi chơi xa hoặc về quê, mẹ chuẩn bị đồ ăn dặm tiện lợi gọn nhẹ theo danh sách này nhé.
Lưu lại và theo dõi @andammeDau để nhận công thức nấu ăn ngon cho bé mỗi ngày!
#andammeDau #andam #nuoiconkhoahoc #chamsoccon #thucdonchobe","Chuẩn Bị Đồ Ăn Dặm Khi Đi Du Lịch | Ăn dặm mẹ Dâu #Shorts
#Shorts #andammeDau #andam #thucdonandam"
29,Tối (19:30),Khoa học & Kỹ năng,Bé Biếng Ăn Khi Đi Du Lịch: Mẹ Làm Gì?,"Thay đổi môi trường lạ khiến bé mệt mỏi và lười ăn hơn bình thường, mẹ xử lý thế nào cho đúng?","Thứ nhất: Không ép con ăn đủ lượng như ở nhà, tăng cường cho con bú mẹ hoặc uống sữa. Thứ hai: Ưu tiên các món thanh mát dễ tiêu hóa như trái cây và súp lỏng. Thứ ba: Cho con uống nhiều nước để tránh mất nước khi đi lại.",Giữ tâm lý thoải mái để cả nhà có chuyến đi vui vẻ nhé mẹ. Theo dõi Ăn dặm mẹ Dâu ngay!,"Thay đổi môi trường lạ khiến bé mệt mỏi và lười ăn hơn bình thường, mẹ xử lý thế nào cho đúng? 👉 Follow Ăn dặm mẹ Dâu để cập nhật kiến thức nuôi con chuẩn khoa học!
#andammeDau #andam #nuoiconkhoahoc #mebimthongthai #chamsoccon","Bé Biếng Ăn Khi Đi Du Lịch: Mẹ Làm Gì? 💡
Thay đổi môi trường lạ khiến bé mệt mỏi và lười ăn hơn bình thường, mẹ xử lý thế nào cho đúng?
Follow @andammeDau để không bỏ lỡ những kiến thức chăm con hữu ích mỗi ngày!
#andammeDau #andam #mebim #suckhoebe #nuoiconkhoahoc","Bé Biếng Ăn Khi Đi Du Lịch: Mẹ Làm Gì? | Ăn dặm mẹ Dâu #Shorts
#Shorts #andammeDau #nuoiconkhoahoc #andam"
30,Sáng (07:00),Thực đơn & Chế biến,Bảng Tổng Kết 30 Món Ăn Dặm Được Yêu Thích,Tổng kết 30 món ăn dặm được hàng triệu mẹ bỉm sữa yêu thích và nấu nhiều nhất trong tháng qua.,Nhóm 1: Các món cháo bổ máu từ thịt bò và lòng đỏ trứng. Nhóm 2: Các món cháo giàu canxi từ tôm cá hồi và lươn đồng. Nhóm 3: Các món súp rau củ thanh mát nhuận tràng. Nhóm 4: Các món bánh ăn dặm bổ dưỡng không đường.,Lưu lại trọn bộ thực đơn để chăm con mỗi ngày nhé. Bấm theo dõi Ăn dặm mẹ Dâu ngay!,"Tổng kết 30 món ăn dặm được hàng triệu mẹ bỉm sữa yêu thích và nấu nhiều nhất trong tháng qua. 👉 Follow Ăn dặm mẹ Dâu để nhận trọn bộ thực đơn dinh dưỡng chuẩn y khoa!
#andammeDau #andam #thucdonandam #monngonchobe #mevabe","Bảng Tổng Kết 30 Món Ăn Dặm Được Yêu Thích 🥣
Tổng kết 30 món ăn dặm được hàng triệu mẹ bỉm sữa yêu thích và nấu nhiều nhất trong tháng qua.
Lưu lại và theo dõi @andammeDau để nhận công thức nấu ăn ngon cho bé mỗi ngày!
#andammeDau #andam #nuoiconkhoahoc #chamsoccon #thucdonchobe","Bảng Tổng Kết 30 Món Ăn Dặm Được Yêu Thích | Ăn dặm mẹ Dâu #Shorts
#Shorts #andammeDau #andam #thucdonandam"
30,Tối (19:30),Khoa học & Kỹ năng,Thông Điệp Yêu Thương Gửi Mẹ Bỉm Sữa,"Nuôi con là một hành trình dài ngập tràn tình yêu thương, đừng biến mỗi bữa ăn thành một cuộc chiến!","Thông điệp 1: Cân nặng của con không phải là thước đo duy nhất của sự phát triển. Thông điệp 2: Một em bé vui vẻ, hoạt bát và ăn uống tự giác mới là đích đến hạnh phúc nhất. Thông điệp 3: Mẹ đang làm rất tốt rồi, hãy luôn tự tin và yêu thương chính mình nhé!",Ăn dặm mẹ Dâu luôn đồng hành cùng mẹ trên từng bước trưởng thành của con yêu!,"Nuôi con là một hành trình dài ngập tràn tình yêu thương, đừng biến mỗi bữa ăn thành một cuộc chiến! 👉 Follow Ăn dặm mẹ Dâu để cập nhật kiến thức nuôi con chuẩn khoa học!
#andammeDau #andam #nuoiconkhoahoc #mebimthongthai #chamsoccon","Thông Điệp Yêu Thương Gửi Mẹ Bỉm Sữa 💡
Nuôi con là một hành trình dài ngập tràn tình yêu thương, đừng biến mỗi bữa ăn thành một cuộc chiến!
Follow @andammeDau để không bỏ lỡ những kiến thức chăm con hữu ích mỗi ngày!
#andammeDau #andam #mebim #suckhoebe #nuoiconkhoahoc","Thông Điệp Yêu Thương Gửi Mẹ Bỉm Sữa | Ăn dặm mẹ Dâu #Shorts
#Shorts #andammeDau #nuoiconkhoahoc #andam"
